"model","simID","density","speciationRate"
"la",1,0.0358819768112153,0.163869592081755
"la",2,0.0809474621899426,0.157806340511888
"la",3,0.046807922963053,0.159672156814486
"la",4,0.0894715663604438,0.305773703940213
"la",5,0.0946420555864461,0.297130922507495
"la",6,0.0141000849450938,0.346537107415497
"la",7,0.0575294939242303,0.278969156276435
"la",8,0.0903177139954641,0.122270686086267
"la",9,0.0596291513019241,0.102158523816615
"la",10,0.0510953261773102,0.188733680453151
"la",11,0.096115001081489,0.440385289583355
"la",12,0.0508000740571879,0.206938482448459
"la",13,0.070981357190758,0.339440109301358
"la",14,0.0615370061760768,0.343439878895879
"la",15,0.0192632214399055,0.496863376162946
"la",16,0.0909842473361641,0.17647598432377
"la",17,0.0321478960919194,0.401356233842671
"la",18,0.0137853580177762,0.196954934857786
"la",19,0.0395128647354431,0.230980888009071
"la",20,0.0959053284232505,0.101414197869599
"la",21,0.0900585384457372,0.498969657439739
"la",22,0.072352306554094,0.27522380175069
"la",23,0.0676456132391468,0.49907549796626
"la",24,0.0994842798961326,0.178687667660415
"la",25,0.069013521920424,0.14459071829915
"la",26,0.0737677421350963,0.200294580217451
"la",27,0.058965942224022,0.372190641239285
"la",28,0.0634727818402462,0.330901718698442
"la",29,0.0360243763565086,0.266538918484002
"la",30,0.0232402282580733,0.391672497428954
"la",31,0.0966721809282899,0.329675893206149
"la",32,0.0912069140607491,0.33105405960232
"la",33,0.0721634750580415,0.335999650973827
"la",34,0.081592067591846,0.18917133603245
"la",35,0.0122152316058055,0.141396919451654
"la",36,0.0530016373982653,0.394602410774678
"la",37,0.0782613583770581,0.344961502496153
"la",38,0.0294767142250203,0.480484944209456
"la",39,0.0386362906871364,0.483950346242636
"la",40,0.0308463206817396,0.397934420034289
"la",41,0.022852002014406,0.273932058271021
"la",42,0.0473091702233069,0.16991005493328
"la",43,0.04723518936662,0.274115227535367
"la",44,0.0431960905832239,0.404983275104314
"la",45,0.0237200272968039,0.467611724417657
"la",46,0.0224925457104109,0.46267903316766
"la",47,0.0309730689506978,0.426205131597817
"la",48,0.0519366205227561,0.179901177063584
"la",49,0.0339375376328826,0.119850234128535
"la",50,0.0872044943808578,0.291579410247505
"la",51,0.0141248050006107,0.336157347541302
"la",52,0.0497980066784658,0.138648094329983
"la",53,0.0819032361079007,0.480356093961746
"la",54,0.0209709333977662,0.165097255446017
"la",55,0.0604853185382672,0.468602505046874
"la",56,0.0285878250654787,0.151110029127449
"la",57,0.0214778485218994,0.365095836203545
"la",58,0.0777977077872492,0.413616770971566
"la",59,0.0905540823237971,0.405845264717937
"la",60,0.0437016498297453,0.369028124213219
"la",61,0.0698603675165214,0.14626636095345
"la",62,0.0185356594831683,0.440520595014095
"la",63,0.0445572674018331,0.347184637933969
"la",64,0.0346945280116051,0.434564622398466
"la",65,0.083317603499163,0.167971289902925
"la",66,0.0503664707252756,0.104112488031387
"la",67,0.0829057917743921,0.229387892503291
"la",68,0.0831150558567606,0.207873089797795
"la",69,0.08149080889998,0.43010454243049
"la",70,0.0495848518842831,0.473464694805443
"la",71,0.0779027642775327,0.151116593461484
"la",72,0.0666299018403515,0.465335042495281
"la",73,0.0739164161216468,0.342093579098582
"la",74,0.0100562295992859,0.260114066582173
"la",75,0.0527784916688688,0.366318121366203
"la",76,0.029810699664522,0.407039710879326
"la",77,0.0441834883950651,0.308758280053735
"la",78,0.0651493902946822,0.257803006842732
"la",79,0.0416618118318729,0.486314733419567
"la",80,0.0200021881912835,0.119594216253608
"la",81,0.0319257525447756,0.161323308665305
"la",82,0.0701250028703362,0.378735626209527
"la",83,0.0475882101710886,0.391114349290729
"la",84,0.0809376250626519,0.143351766187698
"la",85,0.0192578179831617,0.285827418230474
"la",86,0.0491403467347845,0.356850214488804
"la",87,0.0986461281985976,0.25884437514469
"la",88,0.0903746002959088,0.496172102820128
"la",89,0.0897822154709138,0.371483523957431
"la",90,0.0257547385245562,0.226127383019775
"la",91,0.0217626122408547,0.161507704015821
"la",92,0.0687791732535698,0.22050069430843
"la",93,0.0409164825035259,0.137806212250143
"la",94,0.0691082315170206,0.110750202741474
"la",95,0.0388335918239318,0.224193321727216
"la",96,0.0268922007340007,0.396975547447801
"la",97,0.0804064871184528,0.484036884922534
"la",98,0.0184235488041304,0.266321065090597
"la",99,0.0520101137412712,0.308894162904471
"la",100,0.0560354913910851,0.127007891517133
"la",101,0.0639990063337609,0.351936722174287
"la",102,0.0399541186285205,0.241365514881909
"la",103,0.0539751730300486,0.269885860849172
"la",104,0.0959026444749907,0.485507516283542
"la",105,0.053461215745192,0.372399394772947
"la",106,0.0901315199909732,0.387385553773493
"la",107,0.092299436822068,0.168251906149089
"la",108,0.0647861484088935,0.181443635653704
"la",109,0.046962079887744,0.450619884766638
"la",110,0.023238522184547,0.43500901022926
"la",111,0.0941769822943024,0.388250816985965
"la",112,0.0371106009976938,0.212425348442048
"la",113,0.0154648514394648,0.183996358700097
"la",114,0.0952954246033914,0.297660127840936
"la",115,0.0748536646086723,0.308701123297215
"la",116,0.0228064866038039,0.187932724691927
"la",117,0.0594356190459803,0.405242680944502
"la",118,0.0958682114700787,0.109807861223817
"la",119,0.0626935017807409,0.384594378061593
"la",120,0.0464059253572486,0.436355039663613
"la",121,0.0683104131394066,0.472328428830951
"la",122,0.0387838555383496,0.364836658909917
"la",123,0.0376948009780608,0.207976887747645
"la",124,0.0297790868137963,0.187293384131044
"la",125,0.0432539979252033,0.447127268463373
"la",126,0.0985797283123247,0.109828620683402
"la",127,0.0238782070740126,0.440010689757764
"la",128,0.018193959989585,0.309573230799288
"la",129,0.0227716217003763,0.27418508073315
"la",130,0.0721006391360424,0.472517898585647
"la",131,0.0657330835051835,0.165820158366114
"la",132,0.0902254705433734,0.251515356823802
"la",133,0.0705699183349498,0.155217974819243
"la",134,0.0763369964133017,0.159888430871069
"la",135,0.0569022153201513,0.370578898955137
"la",136,0.0693854604708031,0.324846462346613
"la",137,0.0839624914131127,0.28865937711671
"la",138,0.0807653396530077,0.424440067447722
"la",139,0.0981839725631289,0.484955412894487
"la",140,0.0495488382619806,0.306163953617215
"la",141,0.0380531981866807,0.381489107850939
"la",142,0.0468527457350865,0.172351804003119
"la",143,0.0109420400648378,0.241986778844148
"la",144,0.0265464571607299,0.119961115717888
"la",145,0.0858456386998296,0.161021481081843
"la",146,0.0308045603847131,0.139708687458187
"la",147,0.0315189960086718,0.212059230450541
"la",148,0.0169022048800252,0.254980080854148
"la",149,0.0321151310228743,0.353663514554501
"la",150,0.0758921684976667,0.382825443521142
"la",151,0.0862707848590799,0.230407327506691
"la",152,0.054777454037685,0.486073326040059
"la",153,0.0449118126858957,0.378581778984517
"la",154,0.032180409473367,0.164431277662516
"la",155,0.0199986815173179,0.247624896652997
"la",156,0.0450994991720654,0.220887103676796
"la",157,0.0614741782587953,0.283186306990683
"la",158,0.0295203486527316,0.429313098546118
"la",159,0.0500291201821528,0.193015740346164
"la",160,0.0296191601851024,0.260928890109062
"la",161,0.0552069606934674,0.488645121175796
"la",162,0.0418514114664868,0.149768298398703
"la",163,0.0684986642934382,0.3521160306409
"la",164,0.0437242560950108,0.381546802353114
"la",165,0.0419900842709467,0.33648011367768
"la",166,0.0580319150909782,0.498606508504599
"la",167,0.0766300924355164,0.118134440574795
"la",168,0.0298992644040845,0.496029015164822
"la",169,0.0471471506753005,0.398122523725033
"la",170,0.0339118018164299,0.274699839111418
"la",171,0.0666975748119876,0.161202619504184
"la",172,0.0265445641707629,0.279546070192009
"la",173,0.0877279700292274,0.174529885035008
"la",174,0.0771911203721538,0.270619433000684
"la",175,0.0701456184755079,0.428311946615577
"la",176,0.0656216085935011,0.120151565689594
"la",177,0.0435014254203998,0.230152860656381
"la",178,0.05768521172693,0.436964771803468
"la",179,0.0887214108579792,0.116079917177558
"la",180,0.0623575089802034,0.416749184485525
"la",181,0.0855790988309309,0.484651375003159
"la",182,0.0381203348422423,0.364368194993585
"la",183,0.0737461289996281,0.103486967645586
"la",184,0.033851602547802,0.286315689701587
"la",185,0.0634908874635585,0.386645539477468
"la",186,0.0533160820440389,0.111272843927145
"la",187,0.0338529458316043,0.4381930234842
"la",188,0.0608131391298957,0.398566163610667
"la",189,0.09218694007257,0.205612305738032
"la",190,0.0911686950549483,0.398365470487624
"la",191,0.0346749959350564,0.368632988538593
"la",192,0.0389334480767138,0.168821093346924
"la",193,0.0987076795939356,0.367886587325484
"la",194,0.0657993979169987,0.472141612600535
"la",195,0.0943582680239342,0.44038990335539
"la",196,0.0519879432092421,0.412429294083267
"la",197,0.04661493339343,0.374336932506412
"la",198,0.0693307291786186,0.336547644808888
"la",199,0.0237111955159344,0.261309286765754
"la",200,0.0615580352395773,0.151339245028794
"la",201,0.031485342415981,0.428065785765648
"la",202,0.0966123042791151,0.386688188929111
"la",203,0.0641229153377935,0.415329940989614
"la",204,0.0563526754523628,0.107326400466263
"la",205,0.0462316007982008,0.169796056393534
"la",206,0.0892221887107007,0.339459587354213
"la",207,0.0427682678308338,0.132255529146642
"la",208,0.035941535262391,0.382926376722753
"la",209,0.0253580711595714,0.325467509683222
"la",210,0.0254954571742564,0.213123163674027
"la",211,0.0533838344970718,0.256822706293315
"la",212,0.0327668435662054,0.36909126713872
"la",213,0.0294629310653545,0.164871866907924
"la",214,0.0706938749272376,0.143400761391968
"la",215,0.0142897264682688,0.313377691991627
"la",216,0.0730767778726295,0.141279640141875
"la",217,0.0416699774609879,0.137367234099656
"la",218,0.0468049598135985,0.355970056820661
"la",219,0.0838856191560626,0.325616974849254
"la",220,0.0926971613336355,0.222214607801288
"la",221,0.0354275497095659,0.206403612531722
"la",222,0.0964994314336218,0.353000315837562
"la",223,0.0755554985441268,0.432303133420646
"la",224,0.0717737573804334,0.120542246103287
"la",225,0.0147559548495337,0.49693401446566
"la",226,0.0455698121176101,0.108834877144545
"la",227,0.0530060841864906,0.171935555618256
"la",228,0.0604227937315591,0.231476829946041
"la",229,0.0728435435378924,0.441958286706358
"la",230,0.0924115184578113,0.173744125291705
"la",231,0.065651610463392,0.418142681010067
"la",232,0.0485579357878305,0.443540855310857
"la",233,0.0587872330495156,0.288807813543826
"la",234,0.0152630639728159,0.359281135722995
"la",235,0.0334771171351895,0.230016673821956
"la",236,0.0457436757977121,0.286454983241856
"la",237,0.0277970263012685,0.476962913479656
"la",238,0.0848734806547873,0.198185719456524
"la",239,0.023759850054048,0.108982823695987
"la",240,0.082307668782305,0.486828732211143
"la",241,0.0592143540899269,0.204019542783499
"la",242,0.0696085877809674,0.361642886605114
"la",243,0.0254528644494712,0.130152495019138
"la",244,0.0669749823841266,0.487698439601809
"la",245,0.0380682772095315,0.467415729537606
"la",246,0.0752098911767825,0.447261014487594
"la",247,0.0459045842196792,0.269751589931548
"la",248,0.0972420770023018,0.41241279039532
"la",249,0.0970658533554524,0.219962357077748
"la",250,0.0754032285115682,0.215781115368009
"la",251,0.0331495071807876,0.499709533248097
"la",252,0.0299609141191468,0.494814883172512
"la",253,0.0633741086511873,0.292018536478281
"la",254,0.0340769288921729,0.404910026490688
"la",255,0.0577963358978741,0.2314447700046
"la",256,0.0806762504158542,0.194495538901538
"la",257,0.0251254729484208,0.347144012153149
"la",258,0.0463959262915887,0.23617970617488
"la",259,0.052441864986904,0.12335641104728
"la",260,0.088129612619523,0.492778328899294
"la",261,0.093313716026023,0.375216048676521
"la",262,0.0893779803370126,0.444872888363898
"la",263,0.0706768158264458,0.28467819346115
"la",264,0.0955150281405076,0.150410879403353
"la",265,0.0564800404827111,0.372118178103119
"la",266,0.0618867119168863,0.107979514077306
"la",267,0.0402698085317388,0.165183455869555
"la",268,0.0412592168268748,0.458326334040612
"la",269,0.0118021870497614,0.161263097822666
"la",270,0.0552531741070561,0.203456637449563
"la",271,0.0883939072280191,0.197609872091562
"la",272,0.0105670705554076,0.224745962955058
"la",273,0.0164851411595009,0.188498675823212
"la",274,0.0247790102497675,0.112218737136573
"la",275,0.0793300666846335,0.46121464362368
"la",276,0.0761665875231847,0.48375898571685
"la",277,0.0974688072106801,0.477139464579523
"la",278,0.0519825139152817,0.281320015992969
"la",279,0.0166946061979979,0.275066000968218
"la",280,0.0683936311886646,0.120066459104419
"la",281,0.0782733852555975,0.243928507342935
"la",282,0.0223395472904667,0.458657625876367
"la",283,0.0456926135160029,0.248425266891718
"la",284,0.03024867962813,0.301314004510641
"la",285,0.0152162704477087,0.311039722431451
"la",286,0.0456303419475444,0.168108026031405
"la",287,0.0158435469982214,0.315439510717988
"la",288,0.0303297789627686,0.144197378028184
"la",289,0.0149166198191233,0.345642013754696
"la",290,0.0703253835602664,0.317990570794791
"la",291,0.0367967604356818,0.191051477007568
"la",292,0.0190649424074218,0.460603461042047
"la",293,0.016471368749626,0.179410574678332
"la",294,0.0892396511905827,0.268724847026169
"la",295,0.0778822661866434,0.453744743205607
"la",296,0.0834945298847742,0.195280338637531
"la",297,0.0983926336304285,0.216652239300311
"la",298,0.0193239680468105,0.450558107811958
"la",299,0.0189137646416202,0.347628990001977
"la",300,0.0818948450055905,0.44291950147599
"la",301,0.0806117739877664,0.290913733001798
"la",302,0.0108486914588138,0.457692383974791
"la",303,0.0801159294508398,0.167627742700279
"la",304,0.0756451586727053,0.348428055085242
"la",305,0.0667118667531759,0.389104211889207
"la",306,0.0532819746970199,0.176086465362459
"la",307,0.0240973166236654,0.327486200910062
"la",308,0.0107393967849202,0.368612531013787
"la",309,0.0507212554803118,0.46768435947597
"la",310,0.0543063995870762,0.230223879124969
"la",311,0.0450628400384449,0.318700828123838
"la",312,0.0518199347704649,0.101996471453458
"la",313,0.0741951100644656,0.248046456556767
"la",314,0.0149771733698435,0.355048569850624
"la",315,0.0419304787763394,0.343842804059386
"la",316,0.0822531045624055,0.42731686765328
"la",317,0.0852137953322381,0.147156718652695
"la",318,0.0313974464475177,0.365343068446964
"la",319,0.0418587492359802,0.180642902106047
"la",320,0.0871196878142655,0.334743816591799
"la",321,0.0868387036421336,0.378027991484851
"la",322,0.0366305909864605,0.311315259151161
"la",323,0.0232343492121436,0.247808604035527
"la",324,0.073359285518527,0.379388962220401
"la",325,0.0193426019395702,0.289481782913208
"la",326,0.0130354995699599,0.192323139216751
"la",327,0.09994640751509,0.281653878651559
"la",328,0.0131387323676608,0.131676767673343
"la",329,0.0404552155383863,0.203072229493409
"la",330,0.0923557385476306,0.321632200293243
"la",331,0.0655511742667295,0.108703917264938
"la",332,0.0357656813832,0.184440825507045
"la",333,0.0764017662708648,0.354557356890291
"la",334,0.0850648878258653,0.386789508443326
"la",335,0.0382843702379614,0.410744962189347
"la",336,0.0543309893039987,0.129283426143229
"la",337,0.0727636389597319,0.139499348588288
"la",338,0.0677316118590534,0.478558224160224
"la",339,0.0679530623485334,0.472353363130242
"la",340,0.0980068064341322,0.468580616638064
"la",341,0.0473261801013723,0.359975459333509
"la",342,0.0207464301981963,0.162540146429092
"la",343,0.057342669412028,0.464057467505336
"la",344,0.030256601574365,0.468824755121023
"la",345,0.0537770587648265,0.167696245573461
"la",346,0.0433193318638951,0.129346926230937
"la",347,0.0985015162709169,0.326491572428495
"la",348,0.0449487203639001,0.246162118762732
"la",349,0.0306320356298238,0.28406664757058
"la",350,0.0660967791662552,0.285894764959812
"la",351,0.0222886177361943,0.411562843248248
"la",352,0.097072254489176,0.429466550517827
"la",353,0.056356462710537,0.21294202087447
"la",354,0.0246763296308927,0.391991325654089
"la",355,0.0659712065639906,0.298388674389571
"la",356,0.0987358748703264,0.126507320441306
"la",357,0.0701894365716726,0.115059132222086
"la",358,0.047702430721838,0.19503402961418
"la",359,0.0391010493854992,0.187358444090933
"la",360,0.0851729787955992,0.26895450996235
"la",361,0.0229435339267366,0.319900653231889
"la",362,0.0273534352192655,0.385495041869581
"la",363,0.0907064814376645,0.195997643470764
"la",364,0.0377307598874904,0.458272805251181
"la",365,0.0426970489160158,0.293049515224993
"la",366,0.0805551830865443,0.205138800758868
"la",367,0.0274040811927989,0.227967504132539
"la",368,0.0115989230689593,0.365720789693296
"la",369,0.0465947079658508,0.391220544558018
"la",370,0.0534850902343169,0.32857438037172
"la",371,0.0479660455160774,0.451478030532598
"la",372,0.0408527921512723,0.263681311532855
"la",373,0.0879834983195178,0.182158315833658
"la",374,0.0509597245859914,0.288328166864812
"la",375,0.0580388386268169,0.251763110142201
"la",376,0.0967458998714574,0.199025984946638
"la",377,0.0797132387873717,0.470013010315597
"la",378,0.0287988713709638,0.286469882633537
"la",379,0.0377908149454743,0.105576673336327
"la",380,0.0974208205216564,0.477289895247668
"la",381,0.0626410084147938,0.249818262178451
"la",382,0.0784741262835451,0.103216614201665
"la",383,0.0435438454989344,0.492209801357239
"la",384,0.079227452010382,0.25101602235809
"la",385,0.058390946474392,0.494347021915019
"la",386,0.0922595904697664,0.155846556276083
"la",387,0.0266766797704622,0.324887241236866
"la",388,0.0353996575647034,0.4177440777421
"la",389,0.0185466171870939,0.177560547459871
"la",390,0.0289438371197321,0.384279401227832
"la",391,0.0979389096656814,0.326283208001405
"la",392,0.0366671957843937,0.104046293254942
"la",393,0.075338472421281,0.202780347131193
"la",394,0.0807119050831534,0.288392593152821
"la",395,0.0194875971507281,0.470745098870248
"la",396,0.031563516613096,0.498116791527718
"la",397,0.0343490385147743,0.183992920164019
"la",398,0.0190952644660138,0.318074763286859
"la",399,0.0206122457142919,0.358157148957252
"la",400,0.0992112900270149,0.460443192254752
"la",401,0.0987448867573403,0.39292869893834
"la",402,0.0223360724258237,0.343884280789644
"la",403,0.0914778623497114,0.189748853445053
"la",404,0.0618671653815545,0.466468405351043
"la",405,0.0455903973174282,0.421104409918189
"la",406,0.0504822235717438,0.224963445030153
"la",407,0.0735851711034775,0.190900478512049
"la",408,0.0174252471211366,0.363038081582636
"la",409,0.0405381322163157,0.394292462524027
"la",410,0.0712708796095103,0.286037701833993
"la",411,0.0385254323272966,0.445442131720483
"la",412,0.0848411738243885,0.370000233314931
"la",413,0.0293654874386266,0.164587155543268
"la",414,0.0548154042568058,0.104836122691631
"la",415,0.0348444705363363,0.446427210979164
"la",416,0.0272820986853912,0.140285115130246
"la",417,0.0955559137649834,0.224892897810787
"la",418,0.038955298399087,0.273798021208495
"la",419,0.0530610745423473,0.346302425675094
"la",420,0.0125193314743228,0.235689622722566
"la",421,0.0592713521211408,0.331991241127253
"la",422,0.0679816198488697,0.431869921088219
"la",423,0.0636637190170586,0.233847258239985
"la",424,0.0389743638131768,0.252807598467916
"la",425,0.0902002881211229,0.342275973875076
"la",426,0.0663631252665073,0.298294356837869
"la",427,0.0372614423767664,0.1437071534805
"la",428,0.0449384197383188,0.438371319975704
"la",429,0.0244427583226934,0.278342614043504
"la",430,0.0876296707778238,0.400150361936539
"la",431,0.0957791092409752,0.418215447850525
"la",432,0.0607280215108767,0.256279542855918
"la",433,0.0396592672052793,0.105939155537635
"la",434,0.099695549684111,0.39736593067646
"la",435,0.0311337708216161,0.127354071475565
"la",436,0.0651404768740758,0.312808252312243
"la",437,0.0197360676480457,0.149052165541798
"la",438,0.0538329312950373,0.370307999663055
"la",439,0.0189501241012476,0.122408027108759
"la",440,0.0245049186423421,0.419203754328191
"la",441,0.0354693583701737,0.36504198582843
"la",442,0.0625485102366656,0.197696558665484
"la",443,0.0758536892966367,0.164148974884301
"la",444,0.0248968819994479,0.123199960123748
"la",445,0.0879820986883715,0.10608447752893
"la",446,0.0737716723466292,0.43334190864116
"la",447,0.0784359582606703,0.20475088711828
"la",448,0.0232375697698444,0.122165930457413
"la",449,0.0422251267079264,0.239213373139501
"la",450,0.0705999233270995,0.332087363582104
"la",451,0.0571440341486596,0.421687310282141
"la",452,0.0414821613486856,0.236106290575117
"la",453,0.0316477631428279,0.153940132353455
"la",454,0.0152372616669163,0.409445168077946
"la",455,0.0312957767909393,0.450895139947534
"la",456,0.0901070121861994,0.495187214016914
"la",457,0.0830644674459472,0.361927434056997
"la",458,0.0772764689964242,0.201610921323299
"la",459,0.0239420553203672,0.35658222399652
"la",460,0.0212267879745923,0.280244952253997
"la",461,0.0977253227634356,0.178784478828311
"la",462,0.0492516996478662,0.34247499415651
"la",463,0.0517614964139648,0.489851899910718
"la",464,0.0248768273112364,0.179669752530754
"la",465,0.0626442901603878,0.273903589416295
"la",466,0.0343700217502192,0.235815493855625
"la",467,0.0307087228354067,0.113603296969086
"la",468,0.0722087048343383,0.139679425302893
"la",469,0.0354567159665748,0.267693133093417
"la",470,0.0829358259565197,0.118935335986316
"la",471,0.0184524946380407,0.110611710790545
"la",472,0.0839827064052224,0.16940481858328
"la",473,0.0484685452631675,0.251234613731503
"la",474,0.0780298533756286,0.335329113714397
"la",475,0.0696146955899894,0.234571868088096
"la",476,0.050007465723902,0.297819314710796
"la",477,0.0664431565999985,0.400930669903755
"la",478,0.0100418814155273,0.167624844796956
"la",479,0.0295519162621349,0.437452654633671
"la",480,0.0734385021100752,0.228121142555028
"la",481,0.0293649839377031,0.193554886523634
"la",482,0.0832540349150077,0.223997426312417
"la",483,0.0376987486868165,0.41596398530528
"la",484,0.0718968417099677,0.201803099643439
"la",485,0.0939412971120328,0.469129410292953
"la",486,0.0204201698349789,0.159341398999095
"la",487,0.0214935119100846,0.18659112257883
"la",488,0.0710401471680962,0.350436724722385
"la",489,0.0486053736298345,0.202828069310635
"la",490,0.0850960880145431,0.382869499083608
"la",491,0.0974294260120951,0.396962087322027
"la",492,0.0163440079940483,0.204942557401955
"la",493,0.0513806673884392,0.32904792316258
"la",494,0.0731426606583409,0.466259451117367
"la",495,0.0178246151143685,0.383368020132184
"la",496,0.0993649614509195,0.437742028292268
"la",497,0.0327789094625041,0.467976965662092
"la",498,0.0144584592082538,0.217853869777173
"la",499,0.0717692452133633,0.36026106569916
"la",500,0.0808234617393464,0.156706476118416
"la",501,0.0418245468381792,0.441412672773004
"la",502,0.0429797300463542,0.366402646433562
"la",503,0.0358390117622912,0.393330671731383
"la",504,0.0171975621092133,0.225896139722317
"la",505,0.0428908842615783,0.367087176069617
"la",506,0.0260212433151901,0.285554684605449
"la",507,0.0582448348565959,0.360113172512502
"la",508,0.0553553840820678,0.414310083258897
"la",509,0.0950531593128107,0.460681680310518
"la",510,0.0407189155556262,0.310963019262999
"la",511,0.0518242396740243,0.163243619352579
"la",512,0.0174278063466772,0.207847501244396
"la",513,0.0874096161476337,0.153816085774451
"la",514,0.0456094575976022,0.195023022126406
"la",515,0.0762309415335767,0.389222648832947
"la",516,0.0254569065384567,0.350850172899663
"la",517,0.0509285468189046,0.280945797078311
"la",518,0.0793184283492155,0.353722789417952
"la",519,0.0156384998513386,0.311798751819879
"la",520,0.0833573345583864,0.232042554300278
"la",521,0.0371028272015974,0.408294944278896
"la",522,0.04282039251877,0.353995667491108
"la",523,0.0380901512736455,0.409745473600924
"la",524,0.0133632968389429,0.171539665572345
"la",525,0.0566924431058578,0.258560909517109
"la",526,0.0711112074134871,0.485086346324533
"la",527,0.0912910204241052,0.250925447698683
"la",528,0.0122974028601311,0.131021979916841
"la",529,0.0990170443663374,0.311734043620527
"la",530,0.0372598862135783,0.479889597464353
"la",531,0.0945224560541101,0.442445221636444
"la",532,0.0718846823554486,0.319774457532913
"la",533,0.050233329536859,0.365981416683644
"la",534,0.0834830324910581,0.300179254636168
"la",535,0.0135549278068356,0.469628864340484
"la",536,0.0765128516964614,0.136771181412041
"la",537,0.0413847544346936,0.298781342990696
"la",538,0.0846325741126202,0.412889637611806
"la",539,0.0581987252528779,0.447938749659807
"la",540,0.0347090827254578,0.460620931722224
"la",541,0.0820853390730917,0.424552995152771
"la",542,0.0182480225316249,0.161491850949824
"la",543,0.0848896996793337,0.391903491131961
"la",544,0.034916956522502,0.403801173251122
"la",545,0.0777799089625478,0.364327794965357
"la",546,0.0967737313103862,0.463214034494013
"la",547,0.0173319904017262,0.255913546588272
"la",548,0.0868928271834739,0.482791337929666
"la",549,0.0822014395380393,0.28263454772532
"la",550,0.0446656244131736,0.178003437817097
"la",551,0.0394837659108453,0.336287693213671
"la",552,0.0284444832685404,0.162159477360547
"la",553,0.0612444396386854,0.30779843153432
"la",554,0.0899249671399593,0.265135876368731
"la",555,0.0576742682303302,0.430886780098081
"la",556,0.0628262791107409,0.32523835208267
"la",557,0.0699161628284492,0.282590192742646
"la",558,0.0576903212722391,0.17693945011124
"la",559,0.0558858609455638,0.288778733927757
"la",560,0.0114544432819821,0.193000097759068
"la",561,0.0142938986443914,0.225631884299219
"la",562,0.093641561428085,0.446740818116814
"la",563,0.079235698482953,0.277994922827929
"la",564,0.0280972554488108,0.273571367561817
"la",565,0.0685235350346193,0.289035232458264
"la",566,0.0688390014134348,0.433360684942454
"la",567,0.0455728385294788,0.104136443138123
"la",568,0.0831074345693924,0.223651789780706
"la",569,0.059232107589487,0.134461188595742
"la",570,0.089661938638892,0.429202837217599
"la",571,0.059798258880619,0.288442885503173
"la",572,0.0915443300455809,0.312934370245785
"la",573,0.0628715230314992,0.258158171642572
"la",574,0.0481117285881192,0.281774867791682
"la",575,0.0954626790690236,0.145960378833115
"la",576,0.0738134113117121,0.112436337117106
"la",577,0.0471974867279641,0.109284351486713
"la",578,0.0116527675348334,0.13100773813203
"la",579,0.0610060674487613,0.244612438138574
"la",580,0.0541057107783854,0.404563490021974
"la",581,0.0890806619101204,0.397312656696886
"la",582,0.0831567419110797,0.139076881390065
"la",583,0.0868689979775809,0.48476216699928
"la",584,0.0431106352992356,0.157281771395355
"la",585,0.0886554921558127,0.293864696472883
"la",586,0.0236204354302026,0.325964396074414
"la",587,0.0353630502731539,0.472922236192971
"la",588,0.0700034642056562,0.428009908273816
"la",589,0.0979645219119266,0.313233215827495
"la",590,0.0624465762986802,0.253787592146546
"la",591,0.0573931071581319,0.31839532488957
"la",592,0.0154704002384096,0.418691173940897
"la",593,0.097213497729972,0.350937344878912
"la",594,0.0208213415718637,0.141582800261676
"la",595,0.0179526970908046,0.176797003857791
"la",596,0.0892687703412958,0.436844173446298
"la",597,0.0557533566770144,0.291750644985586
"la",598,0.0403745497576892,0.410904235206544
"la",599,0.0904901162907481,0.427271653991193
"la",600,0.0128774465271272,0.218773575965315
"la",601,0.0313506727665663,0.190683975722641
"la",602,0.0717841315991245,0.348143157269806
"la",603,0.0303236580989324,0.249550229124725
"la",604,0.0386645129323006,0.454388967249542
"la",605,0.0256585435080342,0.150212643109262
"la",606,0.0821286625321954,0.163198636285961
"la",607,0.0231653852178715,0.355385010316968
"la",608,0.0840445652487688,0.174452224746346
"la",609,0.0397898045764305,0.365803471859545
"la",610,0.0436752449069172,0.304810341820121
"la",611,0.0666770881414414,0.39664793619886
"la",612,0.0186970368726179,0.234605211857706
"la",613,0.0119794343784451,0.144507379829884
"la",614,0.0993740302301012,0.260915849730372
"la",615,0.0625544961099513,0.31707949610427
"la",616,0.0803640758618712,0.396104514878243
"la",617,0.0902706510340795,0.169028032384813
"la",618,0.0779378908220679,0.334594170749188
"la",619,0.0981283357110806,0.299938616901636
"la",620,0.0139732361142524,0.47454342674464
"la",621,0.0913060796237551,0.464121244102716
"la",622,0.0878950732643716,0.161162643693388
"la",623,0.0797866832232103,0.222919002082199
"la",624,0.0439134775171988,0.379317667335272
"la",625,0.0137897243816406,0.405286096502095
"la",626,0.042796997348778,0.303947861865163
"la",627,0.0346376142813824,0.190690868813545
"la",628,0.0865420732647181,0.16634456962347
"la",629,0.0426161541207694,0.226454860251397
"la",630,0.0374030011543073,0.117976434528828
"la",631,0.0783221805468202,0.367827365361154
"la",632,0.0860351161891595,0.398510869313031
"la",633,0.0512129404977895,0.199413345009089
"la",634,0.0756668498017825,0.286781288869679
"la",635,0.0193670772435144,0.117714930698276
"la",636,0.0297984859952703,0.139306360110641
"la",637,0.0958556122961454,0.458837809693068
"la",638,0.0776833787118085,0.346059393230826
"la",639,0.0837059844937176,0.356284000072628
"la",640,0.0475999391567893,0.284400848392397
"la",641,0.0634454643796198,0.211892581172287
"la",642,0.0818941202014685,0.477980098407716
"la",643,0.0899567785370164,0.109228689782321
"la",644,0.044667243398726,0.170925090461969
"la",645,0.0181289875833318,0.488571250904351
"la",646,0.0663169273384847,0.419895102549344
"la",647,0.0771072595566511,0.499860405642539
"la",648,0.0176840611593798,0.204297381080687
"la",649,0.037046585008502,0.332873063348234
"la",650,0.0653105941577815,0.128917666431516
"la",651,0.0777638852153905,0.420913480129093
"la",652,0.0925351419742219,0.452226146031171
"la",653,0.0528175455122255,0.455851815640926
"la",654,0.061040751952678,0.104530802741647
"la",655,0.0762958311475813,0.196560226473957
"la",656,0.0871702681994066,0.342907559033483
"la",657,0.0918231854029,0.245088225975633
"la",658,0.0150744002824649,0.383683463744819
"la",659,0.0552617473690771,0.116829184256494
"la",660,0.0415490295737982,0.36286841230467
"la",661,0.0861000510654412,0.192275776807219
"la",662,0.0825791647448205,0.209190949052572
"la",663,0.0205598104558885,0.393265511095524
"la",664,0.0741417899494991,0.171302480343729
"la",665,0.0311741972225718,0.254253707453609
"la",666,0.0167461076076143,0.37374182427302
"la",667,0.0942081532510929,0.266076419036835
"la",668,0.0241451042634435,0.316864735540003
"la",669,0.0682351615023799,0.282075952086598
"la",670,0.0256165971537121,0.150825775321573
"la",671,0.011806660827715,0.112473698426038
"la",672,0.0569182461709715,0.166261281538755
"la",673,0.0177650103950873,0.419552284665406
"la",674,0.0354702111450024,0.156955214962363
"la",675,0.0478391410922632,0.129776336718351
"la",676,0.0628550311760046,0.111429603025317
"la",677,0.082602498664055,0.266956761293113
"la",678,0.0281795687973499,0.44161121500656
"la",679,0.0513482204545289,0.232195576187223
"la",680,0.0503328802483156,0.277774606272578
"la",681,0.0760372982383706,0.265393294394016
"la",682,0.0743279329501092,0.24070031363517
"la",683,0.0848099780990742,0.471140111796558
"la",684,0.0897909508808516,0.472021822538227
"la",685,0.095738011659123,0.212105263955891
"la",686,0.0595555049669929,0.391723979823291
"la",687,0.0570102189504542,0.18671395983547
"la",688,0.025362842977047,0.47609911095351
"la",689,0.0531344403978437,0.125719589274377
"la",690,0.032843871684745,0.495467565581203
"la",691,0.0135802573314868,0.184083392098546
"la",692,0.0671320458804257,0.227412973251194
"la",693,0.0585604822635651,0.148707954585552
"la",694,0.0226093194936402,0.333685698453337
"la",695,0.035534059915226,0.363337364606559
"la",696,0.0624727535690181,0.498466011043638
"la",697,0.024852330298163,0.177627026755363
"la",698,0.0186670999624766,0.426598687656224
"la",699,0.0485751782217994,0.347780823986977
"la",700,0.0420185409160331,0.494242843426764
"la",701,0.0860440185875632,0.276716786064208
"la",702,0.033411922629457,0.389674089103937
"la",703,0.0120830042962916,0.13033944927156
"la",704,0.0876159585709684,0.352137100789696
"la",705,0.0401129165082239,0.185834580566734
"la",706,0.0668609984545037,0.467651020735502
"la",707,0.0591783632873558,0.424780801311135
"la",708,0.0438800043868832,0.442446370795369
"la",709,0.0267285713576712,0.426702898368239
"la",710,0.0486046532052569,0.266840676125139
"la",711,0.0667696238704957,0.491019641514868
"la",712,0.0568758116126992,0.299745463952422
"la",713,0.0693659203476273,0.299428665824234
"la",714,0.0756424838188104,0.237388900853693
"la",715,0.0538140586018562,0.126939757633954
"la",716,0.0446010954095982,0.462946135550737
"la",717,0.01061501579592,0.188447894249111
"la",718,0.010331580482889,0.219065557233989
"la",719,0.0995442796126008,0.363416985049844
"la",720,0.0197098192153499,0.326647963840514
"la",721,0.0476802242523991,0.488516956008971
"la",722,0.0746096091950312,0.141972893290222
"la",723,0.0768285219022073,0.317519570328295
"la",724,0.088479894134216,0.466148853953928
"la",725,0.0647081164945848,0.449174961447716
"la",726,0.0780583016178571,0.461815563682467
"la",727,0.0862517168256454,0.411512225400656
"la",728,0.0651501684077084,0.166868428047746
"la",729,0.0813901750999503,0.148553963657469
"la",730,0.0120569215109572,0.147317652218044
"la",731,0.0475223094690591,0.272827036492527
"la",732,0.0887394148716703,0.410954786743969
"la",733,0.0682612314005382,0.461639238055795
"la",734,0.093203108808957,0.270586512051523
"la",735,0.0255002586427145,0.423804442491382
"la",736,0.038423151022289,0.2873500415124
"la",737,0.0823830651328899,0.371441238932312
"la",738,0.0990067070070654,0.40349035365507
"la",739,0.0390146996686235,0.373343846108764
"la",740,0.0101072465558536,0.439031845331192
"la",741,0.0992953557381406,0.22462796382606
"la",742,0.023351715260651,0.173106721043587
"la",743,0.0144427867466584,0.137408068031073
"la",744,0.0637618134357035,0.10591783747077
"la",745,0.0389195599127561,0.460965321119875
"la",746,0.0575136100291275,0.418421167228371
"la",747,0.081587981833145,0.131108759436756
"la",748,0.0162039337144233,0.140697236172855
"la",749,0.0725518627581187,0.169556836597621
"la",750,0.095376835661009,0.311471208184958
"la",751,0.0349992385646328,0.394125605840236
"la",752,0.032446592671331,0.147287466004491
"la",753,0.0243491932121105,0.141375756822526
"la",754,0.0164467050414532,0.320905385632068
"la",755,0.0601693824795075,0.216207427158952
"la",756,0.0540853346441873,0.276176209840924
"la",757,0.054486312570516,0.147377721779048
"la",758,0.0899534426652826,0.468647443316877
"la",759,0.0133033923828043,0.393035799171776
"la",760,0.0283369432203472,0.284612185228616
"la",761,0.0562403025245294,0.368925770744681
"la",762,0.0312705900100991,0.215397764462978
"la",763,0.0617892102873884,0.365378164499998
"la",764,0.0534032120322809,0.250027457252145
"la",765,0.061241741986014,0.368369416706264
"la",766,0.0229737083590589,0.265089825168252
"la",767,0.0231137886317447,0.384528093691915
"la",768,0.0471054801694118,0.212430382892489
"la",769,0.071470925421454,0.395481791161001
"la",770,0.0688085038377903,0.329968581534922
"la",771,0.0924387699738145,0.109798394236714
"la",772,0.0831801819242537,0.245077890250832
"la",773,0.0708301001111977,0.276339708920568
"la",774,0.0826749198371545,0.261360781081021
"la",775,0.0215257977647707,0.317908867169172
"la",776,0.0325700680585578,0.445278602372855
"la",777,0.0398392292438075,0.406269862502813
"la",778,0.0466542360954918,0.126168763265014
"la",779,0.067183081926778,0.147007190342993
"la",780,0.082775084041059,0.223915282916278
"la",781,0.0332921081222594,0.223471322841942
"la",782,0.0837520425906405,0.392934717889875
"la",783,0.0113929902063683,0.156596543546766
"la",784,0.0688960689934902,0.491029295045882
"la",785,0.0830547625850886,0.441919606365264
"la",786,0.0515232034120709,0.333569492865354
"la",787,0.0283075391477905,0.459825701545924
"la",788,0.0116891395463608,0.103737817239016
"la",789,0.0354819427500479,0.413822834473103
"la",790,0.0923745363065973,0.463120591081679
"la",791,0.0940326868463308,0.144311023969203
"la",792,0.0588278452353552,0.286328401323408
"la",793,0.0297480291384272,0.369739304296672
"la",794,0.0540485023614019,0.286180984321982
"la",795,0.0821033862535842,0.450008216686547
"la",796,0.0466867591999471,0.260434214491397
"la",797,0.0193340410199016,0.326674058288336
"la",798,0.0352508657285944,0.361482298467308
"la",799,0.0425319598522037,0.214263891801238
"la",800,0.0333320356952026,0.456777940317988
"la",801,0.0523613650212064,0.155485337786376
"la",802,0.0429260925925337,0.32287765648216
"la",803,0.0209144848841243,0.201171370502561
"la",804,0.0142294312478043,0.129442468285561
"la",805,0.0336516673769802,0.405059450119734
"la",806,0.0971777051175013,0.342547510378063
"la",807,0.0539645934128203,0.233197546098381
"la",808,0.0530039826757275,0.463865447510034
"la",809,0.0773913593031466,0.336010878719389
"la",810,0.0700876208185218,0.478570291772485
"la",811,0.0144474037084728,0.460932215489447
"la",812,0.0725594719965011,0.254787215497345
"la",813,0.0426935410057195,0.387392397969961
"la",814,0.0895720246643759,0.430938821937889
"la",815,0.079776750667952,0.465528817847371
"la",816,0.0225283277197741,0.152247519511729
"la",817,0.0365508344117552,0.117766830697656
"la",818,0.0213474506884813,0.495293547119945
"la",819,0.0630911461403593,0.255791741516441
"la",820,0.0605508047970943,0.384421365242451
"la",821,0.0719849008112215,0.310376030765474
"la",822,0.0380143728130497,0.254760510101914
"la",823,0.0645028157322668,0.387426732294261
"la",824,0.0991930887033232,0.452072286978364
"la",825,0.076888442367781,0.148464078549296
"la",826,0.0168271417310461,0.246820894721895
"la",827,0.0506052015768364,0.415972745418549
"la",828,0.0148183241090737,0.186240092758089
"la",829,0.0405599962640554,0.348290704376996
"la",830,0.0760556933935732,0.25108894277364
"la",831,0.0103696246421896,0.341614119987935
"la",832,0.0794718534080312,0.325807307288051
"la",833,0.0516677690087818,0.377777320053428
"la",834,0.0748756315023638,0.42565747462213
"la",835,0.0699855145486072,0.281473693810403
"la",836,0.0614866348565556,0.247985878027976
"la",837,0.0733431655052118,0.429063615296036
"la",838,0.0691498954431154,0.305049708578736
"la",839,0.0360416930541396,0.396632730122656
"la",840,0.0187515510106459,0.439735391270369
"la",841,0.0966179188969545,0.276119886152446
"la",842,0.0762700626207516,0.262363322637975
"la",843,0.0651451121713035,0.440367044322193
"la",844,0.0207935992744751,0.39080984480679
"la",845,0.0595233141840436,0.346028100606054
"la",846,0.0336480650026351,0.380000425316393
"la",847,0.0908524748077616,0.399269185587764
"la",848,0.0108261951222084,0.204739057086408
"la",849,0.0312611442338675,0.210478660650551
"la",850,0.0217040135804564,0.179785508662462
"la",851,0.0393609832040966,0.477198398765177
"la",852,0.0753758999449201,0.208458272460848
"la",853,0.0992570711858571,0.299363459646702
"la",854,0.0743620174983516,0.11467515276745
"la",855,0.0553995829890482,0.420694893132895
"la",856,0.0492442904645577,0.262089826352894
"la",857,0.0953942725551315,0.284050362091511
"la",858,0.0208163338876329,0.472460860200226
"la",859,0.0167630658950657,0.255952290259302
"la",860,0.0900119343516417,0.398326547630131
"la",861,0.048200688555371,0.413443398661911
"la",862,0.0138124610902742,0.182982501294464
"la",863,0.0682697929278947,0.122610691841692
"la",864,0.0521757246204652,0.232605533488095
"la",865,0.0656133510987274,0.373522074241191
"la",866,0.0343733889283612,0.407109707314521
"la",867,0.0241565757989883,0.361219756584615
"la",868,0.0202828843193129,0.47352159768343
"la",869,0.0556914576841518,0.101406380627304
"la",870,0.0593229058757424,0.251355637051165
"la",871,0.0226581570506096,0.357481620460749
"la",872,0.0252792145079002,0.139629044476897
"la",873,0.0785786790843122,0.106025384739041
"la",874,0.0574655446549878,0.159426028188318
"la",875,0.0874890421819873,0.398124125320464
"la",876,0.0706199489091523,0.44109870037064
"la",877,0.0111736926715821,0.229978182911873
"la",878,0.0723879011231475,0.206667803507298
"la",879,0.0902542358939536,0.197418976854533
"la",880,0.0668665157794021,0.482500116620213
"la",881,0.0196565189445391,0.298907495755702
"la",882,0.0928958683460951,0.377780630160123
"la",883,0.0707826143037528,0.466052765585482
"la",884,0.0233734341338277,0.343568714801222
"la",885,0.0770807658066042,0.205043543130159
"la",886,0.0948338975687511,0.467572295106947
"la",887,0.0478705038060434,0.384645231440663
"la",888,0.0367950770352036,0.117531437519938
"la",889,0.0333484003134072,0.353403050731868
"la",890,0.0300593185215257,0.441092955134809
"la",891,0.060908890911378,0.147638343740255
"la",892,0.0780985119543038,0.480815161298961
"la",893,0.0702643191325478,0.116335943900049
"la",894,0.0591870514862239,0.168239992670715
"la",895,0.0830317291989923,0.109261363837868
"la",896,0.0783250121842139,0.255963962618262
"la",897,0.0118061619577929,0.383710856363177
"la",898,0.0442813330120407,0.362302218284458
"la",899,0.0145792102254927,0.294457086734474
"la",900,0.0818112643552013,0.132289265096188
"la",901,0.093132929187268,0.487153760250658
"la",902,0.058833853341639,0.324109146092087
"la",903,0.0867128140153363,0.38676246451214
"la",904,0.0625206576962955,0.213369902409613
"la",905,0.0701491279155016,0.420901161432266
"la",906,0.0560183136863634,0.351687743328512
"la",907,0.0786475530359894,0.463584364764392
"la",908,0.0913026059116237,0.258450075611472
"la",909,0.0838427060958929,0.223313765600324
"la",910,0.016428866465576,0.392677665222436
"la",911,0.0103506708750501,0.378003427386284
"la",912,0.0146978754270822,0.274120066221803
"la",913,0.0879904161766172,0.423007956147194
"la",914,0.0618620652030222,0.222245217952877
"la",915,0.0382458314835094,0.465822125319391
"la",916,0.0963519205409102,0.351931755803525
"la",917,0.0632074381317943,0.410865703225136
"la",918,0.0578268402209506,0.386857556924224
"la",919,0.0445543004386127,0.365270475763828
"la",920,0.0387597906542942,0.381236800272018
"la",921,0.0827547629759647,0.177054339181632
"la",922,0.0137727548624389,0.339231285825372
"la",923,0.0427368425251916,0.406868208758533
"la",924,0.0870937270275317,0.194550372753292
"la",925,0.072815192064736,0.376622425019741
"la",926,0.0716037825681269,0.136895631067455
"la",927,0.0413213547458872,0.394816496130079
"la",928,0.0599213646468707,0.477872428577393
"la",929,0.0223519255802967,0.365635060705245
"la",930,0.0806438400689513,0.366966229863465
"la",931,0.0898176314425655,0.268008669745177
"la",932,0.0283686294965446,0.155186768993735
"la",933,0.0793560665310361,0.287746045459062
"la",934,0.0636726664681919,0.137501697055995
"la",935,0.0961902768164873,0.401629340462387
"la",936,0.024281955785118,0.24653116222471
"la",937,0.0573376846732572,0.327254552673548
"la",938,0.0885836230777204,0.253208525665104
"la",939,0.0882735463255085,0.181295480020344
"la",940,0.0121319778915495,0.314106154348701
"la",941,0.0978300724131987,0.254338899627328
"la",942,0.0541201778384857,0.444914143718779
"la",943,0.0450253290729597,0.137425417918712
"la",944,0.0475799463898875,0.125379415135831
"la",945,0.0183633238449693,0.166705614887178
"la",946,0.0245628289179876,0.474262092541903
"la",947,0.0464874845650047,0.277003590110689
"la",948,0.0407632999750786,0.369758513104171
"la",949,0.0473731707897969,0.114431199617684
"la",950,0.0373647222178988,0.287368435226381
"la",951,0.0604252483719029,0.118261428084224
"la",952,0.024028673551511,0.348013477493078
"la",953,0.0960921787726693,0.445956795290113
"la",954,0.0139569962816313,0.178347664233297
"la",955,0.0434941968461499,0.212839381303638
"la",956,0.096635380727239,0.446074835490435
"la",957,0.0680884764157236,0.11281401887536
"la",958,0.0155136352893896,0.412942150142044
"la",959,0.0468951335642487,0.282027797587216
"la",960,0.0483314620656893,0.132048755418509
"la",961,0.0557342276233248,0.462704348005354
"la",962,0.0504639919684269,0.175602661818266
"la",963,0.0660935245151632,0.398438347317278
"la",964,0.0225980137940496,0.272625631932169
"la",965,0.091715176072903,0.368212878890336
"la",966,0.0612498947279528,0.174980485066771
"la",967,0.0593452516524121,0.45269726915285
"la",968,0.0205144860269502,0.119546979386359
"la",969,0.0785825499100611,0.18808195469901
"la",970,0.0530532502033748,0.204720186442137
"la",971,0.0803772023203783,0.406883961614221
"la",972,0.0141423893743195,0.25438500167802
"la",973,0.0837860201019794,0.211429243627936
"la",974,0.0342467602691613,0.131046204827726
"la",975,0.0354565373063088,0.300121945142746
"la",976,0.0678899403521791,0.280580579768866
"la",977,0.0953306954004802,0.494640645291656
"la",978,0.0106298609008081,0.156853736191988
"la",979,0.0416455904813483,0.433534300606698
"la",980,0.0477141152415425,0.111811796016991
"la",981,0.0512089117360301,0.4115034814924
"la",982,0.0740523321391083,0.191469576116651
"la",983,0.092786325190682,0.153544047381729
"la",984,0.0664399630529806,0.176244369521737
"la",985,0.0911963600502349,0.186345855891705
"la",986,0.0781596243265085,0.473668556846678
"la",987,0.0224072529096156,0.49552706182003
"la",988,0.0237929390207864,0.224009971413761
"la",989,0.0272180968197063,0.154852351732552
"la",990,0.0489866626542062,0.364394322689623
"la",991,0.0178497371659614,0.333965350687504
"la",992,0.0301402000943199,0.237626133020967
"la",993,0.0614933811570518,0.425582615379244
"la",994,0.0460152260540053,0.213273583818227
"la",995,0.0608918842603453,0.438336424250156
"la",996,0.0846661490830593,0.154808754194528
"la",997,0.0677902437536977,0.444779102504253
"la",998,0.0452348876534961,0.126848247554153
"la",999,0.0738621869264171,0.274083374161273
"la",1000,0.0197941665793769,0.372053983807564
"la",1001,0.0346260460815392,0.182330768089741
"la",1002,0.0634480239404365,0.477015618979931
"la",1003,0.024416633208748,0.251729516778141
"la",1004,0.08680872149067,0.350496056489646
"la",1005,0.0862965241959319,0.173400960769504
"la",1006,0.0530098131275736,0.36368304733187
"la",1007,0.0796322910184972,0.393877164274454
"la",1008,0.0365860072453506,0.298271773196757
"la",1009,0.0159065300645307,0.447487497515976
"la",1010,0.0496479812357575,0.432735177781433
"la",1011,0.0515888972068206,0.493319530133158
"la",1012,0.0406840933160856,0.366740090027452
"la",1013,0.0266626286832616,0.357144056819379
"la",1014,0.0556297954171896,0.11805811394006
"la",1015,0.0117271927581169,0.176338576991111
"la",1016,0.0796317435544916,0.113034897483885
"la",1017,0.0603698571305722,0.438877791166306
"la",1018,0.0677316375286318,0.26978290239349
"la",1019,0.0521588906785473,0.42688137544319
"la",1020,0.0351301429583691,0.160663997288793
"la",1021,0.051509491330944,0.262337642256171
"la",1022,0.0813464507553726,0.389003572613001
"la",1023,0.0627009018696845,0.123853531386703
"la",1024,0.0455283087259159,0.232139689289033
"la",1025,0.083011361467652,0.410705600772053
"la",1026,0.038670678450726,0.43618373805657
"la",1027,0.0623302604397759,0.448232612106949
"la",1028,0.0509940062137321,0.481216760631651
"la",1029,0.0341923104831949,0.25358230099082
"la",1030,0.05996594842989,0.480252786632627
"la",1031,0.0308107795892283,0.381641850247979
"la",1032,0.0588909608195536,0.268792557530105
"la",1033,0.0502813127054833,0.256526437588036
"la",1034,0.0217259323201142,0.184226698242128
"la",1035,0.0659553384478204,0.400992072373629
"la",1036,0.05931948549347,0.278031140193343
"la",1037,0.0234319792338647,0.28132593696937
"la",1038,0.0603591282316484,0.133300343714654
"la",1039,0.0484197018807754,0.246067611500621
"la",1040,0.0502957088546827,0.457981162331998
"la",1041,0.0849965294450521,0.317775138374418
"la",1042,0.0747628554468975,0.112330826558173
"la",1043,0.0511198079981841,0.255373233277351
"la",1044,0.0569137836666778,0.145358098391444
"la",1045,0.0318211369845085,0.210901783592999
"la",1046,0.0168274751212448,0.387807932402939
"la",1047,0.0452165582124144,0.25041007399559
"la",1048,0.0111797394393943,0.353783981781453
"la",1049,0.0880749521753751,0.298699116986245
"la",1050,0.0993354106321931,0.422994583100081
"la",1051,0.073796984939836,0.332875363249332
"la",1052,0.0844043941283599,0.168805121351033
"la",1053,0.0902706642565318,0.474916415847838
"la",1054,0.0585469659417868,0.121524349879473
"la",1055,0.05997822326608,0.134892874862999
"la",1056,0.0348795895371586,0.436623202264309
"la",1057,0.0693278133240528,0.268355704378337
"la",1058,0.0319091718201526,0.386994421109557
"la",1059,0.0359439584286884,0.394460292439908
"la",1060,0.0744202862679958,0.494988218043
"la",1061,0.0754780269809999,0.484386847820133
"la",1062,0.0255738734826446,0.156717493757606
"la",1063,0.037568013293203,0.365980526339263
"la",1064,0.0432916549034417,0.113261696882546
"la",1065,0.0169949398888275,0.297805340215564
"la",1066,0.0741835169913247,0.416540969070047
"la",1067,0.059583045616746,0.251683901436627
"la",1068,0.0222278856718913,0.479319744557142
"la",1069,0.097674732466694,0.364270312152803
"la",1070,0.0605766843003221,0.273106038104743
"la",1071,0.0809568443475291,0.435473039280623
"la",1072,0.0864022675831802,0.421879489161074
"la",1073,0.0890237597259693,0.270824922062457
"la",1074,0.082042873648461,0.23175620380789
"la",1075,0.0676133637828752,0.326016205176711
"la",1076,0.0666034984681755,0.444491668790579
"la",1077,0.0344268104224466,0.334348409902304
"la",1078,0.0126945842872374,0.358048051316291
"la",1079,0.0477877793461084,0.406833627820015
"la",1080,0.0419891203939915,0.377142809610814
"la",1081,0.0453098128573038,0.44671907313168
"la",1082,0.0254743149131536,0.137879020906985
"la",1083,0.0387677907408215,0.34397571766749
"la",1084,0.0472199557814747,0.196349915862083
"la",1085,0.0783402127027512,0.287856663577259
"la",1086,0.0344701184588484,0.213568834681064
"la",1087,0.0204024211340584,0.467376511450857
"la",1088,0.0126402953499928,0.25989761967212
"la",1089,0.0826169768092223,0.32613786412403
"la",1090,0.0532113792910241,0.132350804936141
"la",1091,0.0825623146258295,0.477080073952675
"la",1092,0.0171105113509111,0.394311442133039
"la",1093,0.0203803668590263,0.290124886482954
"la",1094,0.0216474660555832,0.172737299464643
"la",1095,0.0764873687829822,0.392146752215922
"la",1096,0.0781388680101372,0.345850817579776
"la",1097,0.0993209777702578,0.12441663602367
"la",1098,0.0662097688554786,0.121318153291941
"la",1099,0.0359821097715758,0.28210252597928
"la",1100,0.0279920596932061,0.172384854778647
"la",1101,0.082082606384065,0.296522369608283
"la",1102,0.0754986439272761,0.492748579289764
"la",1103,0.0295343177230097,0.189648842904717
"la",1104,0.07698146548355,0.385011462122202
"la",1105,0.0879988337447867,0.160050423722714
"la",1106,0.0576465180749074,0.310290335770696
"la",1107,0.063877469219733,0.431390329357237
"la",1108,0.0943869099090807,0.150744217727333
"la",1109,0.0955651688529179,0.427873312681913
"la",1110,0.0694479071162641,0.19840136654675
"la",1111,0.0165057922829874,0.13880718620494
"la",1112,0.0843698420794681,0.165480581391603
"la",1113,0.0531589670199901,0.365742081589997
"la",1114,0.0452105905069038,0.370971246715635
"la",1115,0.0369210498104803,0.153180750459433
"la",1116,0.0319877424603328,0.491809593886137
"la",1117,0.0479629118577577,0.158644990250468
"la",1118,0.0943993159220554,0.476726701576263
"la",1119,0.0338036604924127,0.380140697956085
"la",1120,0.0611711878608912,0.327185161411762
"la",1121,0.0281966110924259,0.198539595771581
"la",1122,0.0273525064205751,0.236348612979054
"la",1123,0.0746750570647419,0.435904778167605
"la",1124,0.0382166105974466,0.468608586490154
"la",1125,0.0224551114602946,0.306145954877138
"la",1126,0.0152227627974935,0.45524487933144
"la",1127,0.0937989677023143,0.381628881208599
"la",1128,0.0611504210880958,0.269505115877837
"la",1129,0.0205993324494921,0.220107641350478
"la",1130,0.0608315033349209,0.48535377625376
"la",1131,0.0586230564606376,0.149928238429129
"la",1132,0.083771426663734,0.372136213164777
"la",1133,0.0732681553508155,0.427935657463968
"la",1134,0.0610973536246456,0.186509928759187
"la",1135,0.0749178339657374,0.337634871620685
"la",1136,0.0777199792140164,0.164678372256458
"la",1137,0.0443280337075703,0.262210607808083
"la",1138,0.0359209253150038,0.195554039627314
"la",1139,0.0578514994448051,0.311039538215846
"la",1140,0.0333681464218535,0.368381920456886
"la",1141,0.0848611286003143,0.463025988079607
"la",1142,0.0464827496279031,0.23311887299642
"la",1143,0.0165368733019568,0.197014599759132
"la",1144,0.0958382762153633,0.22399549447
"la",1145,0.0295465404656716,0.190722213964909
"la",1146,0.0465062740049325,0.149201253801584
"la",1147,0.0663101483904757,0.207102250214666
"la",1148,0.0665564323426224,0.469461454823613
"la",1149,0.0395414797775447,0.122593663819134
"la",1150,0.0225018542748876,0.300582058727741
"la",1151,0.0923191453376785,0.417514374479651
"la",1152,0.0639204370556399,0.435170938074589
"la",1153,0.0774646386364475,0.33050946732983
"la",1154,0.092705927065108,0.196740035992116
"la",1155,0.0575888856383972,0.332824889943004
"la",1156,0.0434780871425755,0.15500622689724
"la",1157,0.0159227489004843,0.293084929604083
"la",1158,0.0868932931334712,0.137474245112389
"la",1159,0.0559370171255432,0.221987811196595
"la",1160,0.0288998252758756,0.370682141836733
"la",1161,0.0438259093021043,0.182053995318711
"la",1162,0.0286628949828446,0.257967402413487
"la",1163,0.0513316735508852,0.421141242422164
"la",1164,0.0317352025071159,0.191328277811408
"la",1165,0.0206821290147491,0.13076300714165
"la",1166,0.0165222234744579,0.411289963126183
"la",1167,0.0721890864870511,0.368055878672749
"la",1168,0.0358261857321486,0.304443869460374
"la",1169,0.0234471245994791,0.185600824095309
"la",1170,0.0975188808259554,0.175077319517732
"la",1171,0.0469462951296009,0.344458870310336
"la",1172,0.0461632468807511,0.115496595855802
"la",1173,0.0683700713771395,0.19177622133866
"la",1174,0.0924675165698864,0.429575155861676
"la",1175,0.0294995925039984,0.220147299952805
"la",1176,0.0593198984698393,0.106436723750085
"la",1177,0.07480454120785,0.484633436705917
"la",1178,0.0457521404721774,0.13509867740795
"la",1179,0.0184601253340952,0.399209358822554
"la",1180,0.0671406764537096,0.434403285011649
"la",1181,0.0102230929234065,0.106392213888466
"la",1182,0.0289470915822312,0.441144599299878
"la",1183,0.0711120528541505,0.320118906069547
"la",1184,0.0879570217314176,0.235874963365495
"la",1185,0.0819727403996512,0.23028074875474
"la",1186,0.0221496758516878,0.355688044801354
"la",1187,0.0448748431913555,0.151138918660581
"la",1188,0.0809624736127444,0.224448440596461
"la",1189,0.0723622299940325,0.333233042620122
"la",1190,0.0634845674247481,0.403678495436907
"la",1191,0.0211471886234358,0.320681256707758
"la",1192,0.0599570292467251,0.375114922132343
"la",1193,0.0504470249009319,0.24850573502481
"la",1194,0.0789549875818193,0.462698742747307
"la",1195,0.0123487949487753,0.490294129494578
"la",1196,0.0275654288684018,0.406437672581524
"la",1197,0.0893111108336598,0.104906445462257
"la",1198,0.019882143412251,0.30904159033671
"la",1199,0.0971695835143328,0.419618500582874
"la",1200,0.0446678733616136,0.182982228137553
"la",1201,0.0872732266574167,0.254512713570148
"la",1202,0.0898646279145032,0.316953111533076
"la",1203,0.0540182348689996,0.397701232880354
"la",1204,0.0746282628062181,0.233332972694188
"la",1205,0.0538035015319474,0.229966095276177
"la",1206,0.0989837974845432,0.269497214723378
"la",1207,0.0158276016637683,0.210520539619029
"la",1208,0.0241896500135772,0.350436059851199
"la",1209,0.0806813756562769,0.11743913795799
"la",1210,0.0587969460827299,0.342613914702088
"la",1211,0.047489261070732,0.266819638758898
"la",1212,0.0998994384100661,0.117447608988732
"la",1213,0.0330105805303901,0.497363096196204
"la",1214,0.0557088104030117,0.350624416396022
"la",1215,0.0171074059815146,0.435536060668528
"la",1216,0.0832301527983509,0.258833851944655
"la",1217,0.0443961244123057,0.481235594302416
"la",1218,0.0821964437142015,0.251359112095088
"la",1219,0.0278131273086183,0.427958035003394
"la",1220,0.0951759793190286,0.102890620566905
"la",1221,0.0411105226818472,0.449497061688453
"la",1222,0.0569845222565346,0.129577597416937
"la",1223,0.0200519205792807,0.426681700348854
"la",1224,0.0897377366083674,0.334417214617133
"la",1225,0.0958829475892708,0.373098541796207
"la",1226,0.0136342686810531,0.385663089435548
"la",1227,0.054425456977915,0.212042111437768
"la",1228,0.0303457334334962,0.369405423291028
"la",1229,0.0872920305351727,0.218815751373768
"la",1230,0.0577842160430737,0.328418309893459
"la",1231,0.0104174335720018,0.12188247255981
"la",1232,0.0349804072151892,0.239043366722763
"la",1233,0.0392682828754187,0.299071633722633
"la",1234,0.0629835648951121,0.312675593886524
"la",1235,0.0324716230668128,0.426307350955904
"la",1236,0.0138805552734993,0.304130586609244
"la",1237,0.0199610908818431,0.439578320644796
"la",1238,0.0733378430805169,0.337677145283669
"la",1239,0.0945119114941917,0.315158116538078
"la",1240,0.0380052116233856,0.350816165376455
"la",1241,0.0170643637143075,0.216789523791522
"la",1242,0.0389569682208821,0.326895655319095
"la",1243,0.0662414983194321,0.499799992982298
"la",1244,0.0496217664564028,0.468181587383151
"la",1245,0.0821210770565085,0.40773727754131
"la",1246,0.0351355424546637,0.437493084650487
"la",1247,0.061364187404979,0.468911947403103
"la",1248,0.0137915210844949,0.340316054690629
"la",1249,0.0271645709918812,0.247120771277696
"la",1250,0.0754377823625691,0.398801400326192
"la",1251,0.0844021045276895,0.293944295682013
"la",1252,0.0559648967813701,0.101924328971654
"la",1253,0.0610953549179249,0.369256978295743
"la",1254,0.0101040237769485,0.261459031421691
"la",1255,0.0229400292853825,0.481272813864052
"la",1256,0.0879370374721475,0.153748567774892
"la",1257,0.0174304954498075,0.25108797820285
"la",1258,0.03201136138523,0.459942813124508
"la",1259,0.0983388841734268,0.421336403954774
"la",1260,0.0619823151500896,0.30257093757391
"la",1261,0.0323853728012182,0.107237494364381
"la",1262,0.0653458558395505,0.200109252799302
"la",1263,0.0128581588668749,0.22239525988698
"la",1264,0.023178118984215,0.364689615927637
"la",1265,0.0732765676593408,0.139270799607039
"la",1266,0.0159004637668841,0.486116180382669
"la",1267,0.065962635606993,0.446889463160187
"la",1268,0.0943594628851861,0.213945028465241
"la",1269,0.0179105153307319,0.273874895181507
"la",1270,0.0975523158395663,0.236379616800696
"la",1271,0.0123409639461897,0.239251990057528
"la",1272,0.0752705156803131,0.221669287234545
"la",1273,0.0508335752459243,0.465806387271732
"la",1274,0.0609564164490439,0.213431540504098
"la",1275,0.0885457941656932,0.447138927597553
"la",1276,0.0599106861650944,0.426676517911255
"la",1277,0.076388698653318,0.173834849428386
"la",1278,0.0660816245805472,0.190890590567142
"la",1279,0.0379925565212034,0.366250334866345
"la",1280,0.0452976836147718,0.287231701891869
"la",1281,0.0281878709886223,0.143856025580317
"la",1282,0.0867502350639552,0.158259319048375
"la",1283,0.0646147135738284,0.226869733352214
"la",1284,0.0780488212453201,0.342881199344993
"la",1285,0.0606265127868392,0.478806104883552
"la",1286,0.0348309111525305,0.269034467823803
"la",1287,0.0762002563290298,0.470595431420952
"la",1288,0.0594351814477705,0.139856437500566
"la",1289,0.0411514339549467,0.446515583619475
"la",1290,0.0563469071313739,0.204195292200893
"la",1291,0.0834191152825952,0.213612959720194
"la",1292,0.0573645312385634,0.166343203093857
"la",1293,0.0282736044889316,0.111982651241124
"la",1294,0.0863296912400983,0.139247456565499
"la",1295,0.0433444793545641,0.147943100705743
"la",1296,0.0372992653795518,0.177660043817014
"la",1297,0.0793537342245691,0.431837038788945
"la",1298,0.0760103699495085,0.106125704012811
"la",1299,0.0855015398445539,0.254276362899691
"la",1300,0.0612143958173692,0.46574240392074
"la",1301,0.0123652754467912,0.106114265695214
"la",1302,0.0537514505418949,0.223860400542617
"la",1303,0.058841292951256,0.271401075739414
"la",1304,0.0852994105219841,0.324852426256985
"la",1305,0.0755798084312119,0.468306186795235
"la",1306,0.059960242616944,0.306768967676908
"la",1307,0.0166072957683355,0.396015987917781
"la",1308,0.0222852069302462,0.347138457000256
"la",1309,0.0716147826635279,0.18229980384931
"la",1310,0.0189659742591903,0.303475616313517
"la",1311,0.0283407314633951,0.124424939136952
"la",1312,0.0429382124473341,0.409800851158798
"la",1313,0.0861576181859709,0.181698745582253
"la",1314,0.0313185335951857,0.442829437833279
"la",1315,0.0734390065539628,0.305508726183325
"la",1316,0.0196847947710194,0.200648538954556
"la",1317,0.0801161981746554,0.425099778734148
"la",1318,0.0329595115012489,0.126801023073494
"la",1319,0.0593238993408158,0.110477391537279
"la",1320,0.0130511368694715,0.33850252488628
"la",1321,0.0825498528522439,0.43875750657171
"la",1322,0.0403977526468225,0.28095966456458
"la",1323,0.0924657272221521,0.300870924256742
"la",1324,0.0421395776094869,0.183863842952997
"la",1325,0.0977828511805274,0.386234476137906
"la",1326,0.0445940670371056,0.31455202139914
"la",1327,0.0539806181658059,0.119655771460384
"la",1328,0.0541698608151637,0.429085952136666
"la",1329,0.0111029161745682,0.200998586136848
"la",1330,0.0677325880574063,0.308579573594034
"la",1331,0.0561317474488169,0.230796840135008
"la",1332,0.0388316906406544,0.144147536531091
"la",1333,0.0623289841902442,0.440692868363112
"la",1334,0.0655609967466444,0.349856014735997
"la",1335,0.0494447083910927,0.439226409513503
"la",1336,0.0253332082554698,0.150404724571854
"la",1337,0.0743572446960025,0.367300645075738
"la",1338,0.0773007893818431,0.343173212185502
"la",1339,0.085952323731035,0.478266542963684
"la",1340,0.0581283142277971,0.332249771524221
"la",1341,0.0372011735383421,0.221253141202033
"la",1342,0.0510866363858804,0.473911654949188
"la",1343,0.044590828102082,0.437743744906038
"la",1344,0.0324142169207335,0.269829341955483
"la",1345,0.0689164070319384,0.29426603410393
"la",1346,0.0959791331551969,0.407408060785383
"la",1347,0.0361974661564454,0.2009107273072
"la",1348,0.068517017790582,0.424815984629095
"la",1349,0.0582723937788978,0.428838163241744
"la",1350,0.0637706679943949,0.26693481663242
"la",1351,0.012240844250191,0.466550378128886
"la",1352,0.010435756559018,0.128350269235671
"la",1353,0.0218240428948775,0.424038433935493
"la",1354,0.012233539337758,0.2943617885001
"la",1355,0.0182916506729089,0.222093890048564
"la",1356,0.0528002401720732,0.347149533312768
"la",1357,0.0276991085102782,0.227701348345727
"la",1358,0.0833206553710625,0.360934725496918
"la",1359,0.0319653305294924,0.466339322552085
"la",1360,0.0539926874148659,0.327631612494588
"la",1361,0.0683994231675752,0.35515628233552
"la",1362,0.0242844823002815,0.266427992284298
"la",1363,0.0853280119854026,0.418644060473889
"la",1364,0.0492936876812019,0.444910477660596
"la",1365,0.0310145972575992,0.246966848801821
"la",1366,0.036897039283067,0.295175427850336
"la",1367,0.0243479203153402,0.458540748804808
"la",1368,0.062701039374806,0.285529139917344
"la",1369,0.0233900179388002,0.183731199614704
"la",1370,0.0261153603740968,0.370502518396825
"la",1371,0.0405299354484305,0.393651925679296
"la",1372,0.0265511744958349,0.361077664978802
"la",1373,0.0464987369976007,0.182765687070787
"la",1374,0.0652203656523489,0.484308616165072
"la",1375,0.0717104200948961,0.102758865989745
"la",1376,0.0841173040121794,0.460866620950401
"la",1377,0.0436583902407438,0.135857144091278
"la",1378,0.0957556904130615,0.434837910812348
"la",1379,0.0116948943096213,0.321682416647673
"la",1380,0.0651137475087307,0.341366772074252
"la",1381,0.051721638746094,0.424544397182763
"la",1382,0.0419256658456288,0.205189849995077
"la",1383,0.0894180725933984,0.115978778526187
"la",1384,0.016822257260792,0.155314945057034
"la",1385,0.0894962072488852,0.142155933193862
"la",1386,0.0269399652187713,0.17016232823953
"la",1387,0.029356007212773,0.484471982065588
"la",1388,0.0882579062390141,0.177611456625164
"la",1389,0.0154754250636324,0.232872307114303
"la",1390,0.0311409640661441,0.3769202593714
"la",1391,0.0993713961541653,0.377386566344649
"la",1392,0.0710377954994328,0.214442635327578
"la",1393,0.0491938120452687,0.219647701364011
"la",1394,0.0439578947727568,0.271981565561146
"la",1395,0.0515065621910617,0.253051664307714
"la",1396,0.0821666684490629,0.462726606521755
"la",1397,0.0696670277719386,0.313904519286007
"la",1398,0.0519403297663666,0.342962948512286
"la",1399,0.01479334928561,0.301749221235514
"la",1400,0.0313478126516566,0.301764281280339
"la",1401,0.0309915763814934,0.269460683781654
"la",1402,0.0307588240690529,0.187013880722225
"la",1403,0.0155553646571934,0.227700087334961
"la",1404,0.0547406748333015,0.196648051030934
"la",1405,0.0319712579809129,0.100460954010487
"la",1406,0.078236698503606,0.189526864420623
"la",1407,0.059257240977604,0.4876658488065
"la",1408,0.0953260206663981,0.272961146105081
"la",1409,0.0177554973121732,0.485322851408273
"la",1410,0.0953094326495193,0.202328046318144
"la",1411,0.0750158981257118,0.154172215610743
"la",1412,0.0929804144240916,0.325036810617894
"la",1413,0.0652456849301234,0.273299736436456
"la",1414,0.0244869851204567,0.445157650578767
"la",1415,0.0264646622957662,0.466190777812153
"la",1416,0.0757165205827914,0.347323572542518
"la",1417,0.0630573085439392,0.436372252460569
"la",1418,0.0381234126351774,0.21530204731971
"la",1419,0.0795514959050342,0.45965141383931
"la",1420,0.0402668381948024,0.156441297288984
"la",1421,0.0870109021943063,0.15676674535498
"la",1422,0.0622475644154474,0.331827031634748
"la",1423,0.047415038626641,0.498008307255805
"la",1424,0.0939315506769344,0.313391940947622
"la",1425,0.051642895732075,0.151404230017215
"la",1426,0.0189411696931347,0.170847762003541
"la",1427,0.0518904426903464,0.409820109326392
"la",1428,0.0985675471858121,0.360204440914094
"la",1429,0.0932745579327457,0.322469615750015
"la",1430,0.0491858887160197,0.398202861100435
"la",1431,0.0882748644216917,0.237285150401294
"la",1432,0.037031875459943,0.256496091745794
"la",1433,0.0818175368057564,0.240875824727118
"la",1434,0.0820459640771151,0.349116842169315
"la",1435,0.0448233126546256,0.164298372063786
"la",1436,0.0443430725601502,0.198574212938547
"la",1437,0.0680964052770287,0.479067568480969
"la",1438,0.0875500708818436,0.495336649939418
"la",1439,0.0690969403809868,0.314265191555023
"la",1440,0.0564693466201425,0.118123074620962
"la",1441,0.0233903425070457,0.340906581841409
"la",1442,0.065148931259755,0.388671726919711
"la",1443,0.0137770137074403,0.333209150563926
"la",1444,0.0548523093364202,0.310589377675205
"la",1445,0.0765557399461977,0.241506698261946
"la",1446,0.0778509801463224,0.132024714071304
"la",1447,0.0156784367072396,0.151357126515359
"la",1448,0.0498233740055002,0.246350155863911
"la",1449,0.0550604529259726,0.340058598201722
"la",1450,0.034321879032068,0.195137347467244
"la",1451,0.0638921934156679,0.107258421741426
"la",1452,0.0762253863643855,0.223949171882123
"la",1453,0.0742220030655153,0.131205063965172
"la",1454,0.0204843643167987,0.200364969391376
"la",1455,0.0617608556500636,0.156349975802004
"la",1456,0.0818318788497709,0.248045899253339
"la",1457,0.0308641416975297,0.156146181654185
"la",1458,0.0752370242984034,0.327198666427284
"la",1459,0.0854220878053457,0.317072162777185
"la",1460,0.0206954713701271,0.165477233100683
"la",1461,0.0963055356964469,0.478013097029179
"la",1462,0.0772988125937991,0.350357025582343
"la",1463,0.0829800530895591,0.125938068609685
"la",1464,0.0270925951073878,0.172367310430855
"la",1465,0.012337189973332,0.367095254175365
"la",1466,0.0877404063008726,0.462690750788897
"la",1467,0.0927261878852733,0.426327486522496
"la",1468,0.0223865189100616,0.276989775896072
"la",1469,0.0529883759701625,0.164480565767735
"la",1470,0.0516665350249969,0.166309206653386
"la",1471,0.0730160749983042,0.291578347980976
"la",1472,0.0159017411060631,0.25834507253021
"la",1473,0.07597359939944,0.41796786384657
"la",1474,0.0456338431313634,0.407934837508947
"la",1475,0.0515339060337283,0.259665981307626
"la",1476,0.0752769426931627,0.352078717947006
"la",1477,0.0523002382321283,0.26506764581427
"la",1478,0.0999571579764597,0.246156300231814
"la",1479,0.0861342212557793,0.348341953102499
"la",1480,0.0845386573392898,0.482383212912828
"la",1481,0.0785479909880087,0.290429015923291
"la",1482,0.0200895842630416,0.348185508325696
"la",1483,0.0855079317372292,0.215689634811133
"la",1484,0.0832465471723117,0.263027088902891
"la",1485,0.0992270974791609,0.277950874436647
"la",1486,0.0143483072333038,0.213413475919515
"la",1487,0.0772109121200629,0.488055582065135
"la",1488,0.0477382169431076,0.453039535693824
"la",1489,0.0623929507471621,0.423540256358683
"la",1490,0.0847660656017251,0.383290581591427
"la",1491,0.0112177564622834,0.172080641146749
"la",1492,0.0110369586851448,0.125590283889323
"la",1493,0.0996801136550494,0.142632404342294
"la",1494,0.0789120700373314,0.439273727312684
"la",1495,0.0383196349581704,0.243772083427757
"la",1496,0.0830810569925234,0.414000238012523
"la",1497,0.0992097295681015,0.46321553774178
"la",1498,0.0280683633638546,0.353369887173176
"la",1499,0.0681433498230763,0.346046515367925
"la",1500,0.0493795656017028,0.127015961613506
"la",1501,0.094422543537803,0.196597552951425
"la",1502,0.0989202974853106,0.264311281125993
"la",1503,0.0510687604895793,0.424470004811883
"la",1504,0.0307553448877297,0.251656490378082
"la",1505,0.0725940341665409,0.278780092205852
"la",1506,0.060096911014989,0.328203113004565
"la",1507,0.0626239080540836,0.152484947722405
"la",1508,0.0490268122218549,0.105207347404212
"la",1509,0.0483557547489181,0.371067890990526
"la",1510,0.0637168955919333,0.43406224437058
"la",1511,0.0506877026380971,0.474505392462015
"la",1512,0.096094779279083,0.123380245547742
"la",1513,0.0859987315000035,0.367210317682475
"la",1514,0.0300491742393933,0.254342616256326
"la",1515,0.0478153159306385,0.330451617576182
"la",1516,0.0477984641981311,0.155525671131909
"la",1517,0.0118711763992906,0.202333541307598
"la",1518,0.0442403172585182,0.225224353652447
"la",1519,0.0480113584827632,0.386047122720629
"la",1520,0.0272283457079902,0.175471811555326
"la",1521,0.0734796353569254,0.156872515939176
"la",1522,0.0112168427719735,0.329644646588713
"la",1523,0.0758082795189694,0.119660109095275
"la",1524,0.0489451688178815,0.274003060627729
"la",1525,0.0758116083708592,0.293084064591676
"la",1526,0.0112547397240996,0.285926760267466
"la",1527,0.0140781977633014,0.294480774831027
"la",1528,0.0476572938798927,0.395033953990787
"la",1529,0.0679456001915969,0.496394524723291
"la",1530,0.029781440703664,0.43616334348917
"la",1531,0.0850098387547769,0.144770528841764
"la",1532,0.0725290582189336,0.444568750448525
"la",1533,0.090921203668695,0.327140515111387
"la",1534,0.0472816256759688,0.373311567958444
"la",1535,0.0469904232933186,0.415842191502452
"la",1536,0.0325013490463607,0.26101021328941
"la",1537,0.0436390335136093,0.441310875769705
"la",1538,0.0308703459403478,0.17584221297875
"la",1539,0.0938442848180421,0.298288653232157
"la",1540,0.0528710279637016,0.14801773969084
"la",1541,0.0142898502689786,0.191465322487056
"la",1542,0.079617795040831,0.462199158594012
"la",1543,0.039800559647847,0.289509949274361
"la",1544,0.059758882354945,0.31619071168825
"la",1545,0.0708697476028465,0.489518127590418
"la",1546,0.0349600933794864,0.488971608597785
"la",1547,0.0147570110531524,0.374143787845969
"la",1548,0.0483182725333609,0.411983661260456
"la",1549,0.0649106633826159,0.108181286975741
"la",1550,0.0978441431559622,0.391386296227574
"la",1551,0.097282010819763,0.469079378340393
"la",1552,0.0179636101610959,0.27618311913684
"la",1553,0.0548542033531703,0.382229912467301
"la",1554,0.0456120431004092,0.426689916383475
"la",1555,0.0451298736175522,0.294643725361675
"la",1556,0.0386649541766383,0.43719976702705
"la",1557,0.0714317548810504,0.2971495305188
"la",1558,0.0356153416819871,0.107067687343806
"la",1559,0.0451085242815316,0.276186103187501
"la",1560,0.0991151704266667,0.291169865150005
"la",1561,0.0812805158342235,0.340496229566634
"la",1562,0.0381164636393078,0.277298689354211
"la",1563,0.0835405957349576,0.222870977129787
"la",1564,0.0298818794987164,0.369195686560124
"la",1565,0.0550966438255273,0.343645705655217
"la",1566,0.0250275066681206,0.489471416454762
"la",1567,0.0207693275040947,0.170333884935826
"la",1568,0.0907848970964551,0.489290589932352
"la",1569,0.0184343390795402,0.331726855505258
"la",1570,0.0878552700998262,0.395250104181469
"la",1571,0.0348932317341678,0.446327155642211
"la",1572,0.0124555323459208,0.358994441572577
"la",1573,0.0808646467025392,0.3778784471564
"la",1574,0.042279426981695,0.498362175282091
"la",1575,0.0122592669189908,0.439749359991401
"la",1576,0.0771484238165431,0.406328895315528
"la",1577,0.0126663019438274,0.155066129285842
"la",1578,0.0490478347893804,0.138075573649257
"la",1579,0.0330964149697684,0.308739290758967
"la",1580,0.0548213698877953,0.176984388846904
"la",1581,0.0688019707519561,0.392586071230471
"la",1582,0.0175291197095066,0.297834791522473
"la",1583,0.02624252155656,0.157103661354631
"la",1584,0.0194016251433641,0.436486787628382
"la",1585,0.0831153685436584,0.476521583739668
"la",1586,0.0664752197475173,0.211186990793794
"la",1587,0.06675152373733,0.160151715110987
"la",1588,0.0451800865191035,0.382669377047569
"la",1589,0.0489028216409497,0.326135437749326
"la",1590,0.041377060203813,0.136200976371765
"la",1591,0.0814201982808299,0.324136162828654
"la",1592,0.0898242500866763,0.346104025281966
"la",1593,0.0686014378047548,0.319367974251509
"la",1594,0.0633576937834732,0.257396379485726
"la",1595,0.0395039884466678,0.266667260229588
"la",1596,0.0168120431154966,0.461964368633926
"la",1597,0.0632248517870903,0.369448793679476
"la",1598,0.0260503087169491,0.481916092801839
"la",1599,0.0767215111711994,0.160492738708854
"la",1600,0.036448858731892,0.323896655254066
"la",1601,0.0675267229625024,0.139454300329089
"la",1602,0.0212340157525614,0.349379986710846
"la",1603,0.0329739205376245,0.202549103926867
"la",1604,0.0838517218595371,0.291706625837833
"la",1605,0.082340235367883,0.290857402514666
"la",1606,0.0141251167654991,0.432196566555649
"la",1607,0.0887978549674153,0.458231005072594
"la",1608,0.0215208180970512,0.330750288441777
"la",1609,0.0647948263189755,0.477518036589026
"la",1610,0.0522610185947269,0.216734121926129
"la",1611,0.0601561977039091,0.350127710588276
"la",1612,0.0757353506120853,0.348073545377702
"la",1613,0.05228728198912,0.359447140991688
"la",1614,0.0989749053120613,0.19396424330771
"la",1615,0.0986201546085067,0.261501173209399
"la",1616,0.0453956212918274,0.168379928451031
"la",1617,0.0647962423786521,0.307665211521089
"la",1618,0.0410935357073322,0.333744552079588
"la",1619,0.0493401305912994,0.132031272165477
"la",1620,0.0306218767003156,0.391561010107398
"la",1621,0.0105465023289435,0.345626611728221
"la",1622,0.0121489199390635,0.368358304072172
"la",1623,0.015288258548826,0.218453423772007
"la",1624,0.0788118080585264,0.244227400701493
"la",1625,0.0522139604948461,0.352426515426487
"la",1626,0.0865748692210764,0.484042374696583
"la",1627,0.0623547451524064,0.24587134802714
"la",1628,0.0268199436157011,0.179195967596024
"la",1629,0.0648154880665243,0.201643505413085
"la",1630,0.090400755982846,0.294121071789414
"la",1631,0.0814889049297199,0.265312659554183
"la",1632,0.055368355056271,0.231298132054508
"la",1633,0.0480725446366705,0.242737988196313
"la",1634,0.0688943158974871,0.373543701693416
"la",1635,0.0898964663012885,0.44525970602408
"la",1636,0.0902814824017696,0.287587494496256
"la",1637,0.0260551484068856,0.333142839092761
"la",1638,0.0331752182287164,0.299423987232149
"la",1639,0.0202094654273242,0.366923142969608
"la",1640,0.0817443062760867,0.375149304978549
"la",1641,0.0198584639909677,0.142931970022619
"la",1642,0.0846164525276981,0.144883707445115
"la",1643,0.0793941667233594,0.473112070374191
"la",1644,0.0949320464069024,0.268750350084156
"la",1645,0.0520261834212579,0.325324594136328
"la",1646,0.0945870082755573,0.482496875151992
"la",1647,0.0806664648163132,0.178368429094553
"la",1648,0.0887147087510675,0.189498578105122
"la",1649,0.045501638809219,0.348542790580541
"la",1650,0.0189729244704358,0.433826655056328
"la",1651,0.0349265278386883,0.423187349922955
"la",1652,0.0749999846005812,0.160429381113499
"la",1653,0.0420674661477096,0.133291466068476
"la",1654,0.0444440695061348,0.411572248861194
"la",1655,0.0128771785786375,0.481798501126468
"la",1656,0.0569300758233294,0.347360572312027
"la",1657,0.0208970119268633,0.274886521138251
"la",1658,0.0896665758849122,0.365768591687083
"la",1659,0.0167181669105776,0.447556964866817
"la",1660,0.0805805152095854,0.301048581395298
"la",1661,0.0868719072313979,0.311521210800856
"la",1662,0.013346035357099,0.408297415263951
"la",1663,0.0347629158548079,0.24791399743408
"la",1664,0.0677862954162993,0.476201079133898
"la",1665,0.0806570523581468,0.113303509075195
"la",1666,0.0460056440718472,0.235310998372734
"la",1667,0.0941772096743807,0.154251419380307
"la",1668,0.0451465273695067,0.234849907550961
"la",1669,0.0481563376425766,0.293404920771718
"la",1670,0.0357779530971311,0.402862702868879
"la",1671,0.0650573567673564,0.418449197523296
"la",1672,0.0602931464766152,0.266583448275924
"la",1673,0.0135970421554521,0.111975929327309
"la",1674,0.0770753752160817,0.475340802129358
"la",1675,0.0285838678642176,0.466201054863632
"la",1676,0.0690846368577331,0.344845420494676
"la",1677,0.0570173204131424,0.467636832222343
"la",1678,0.0670092926360667,0.35050360923633
"la",1679,0.0655806820443831,0.150581462588161
"la",1680,0.0356405992689542,0.157056655175984
"la",1681,0.0301426500198431,0.37265754416585
"la",1682,0.058511741978582,0.469209926854819
"la",1683,0.0996734779537655,0.16026097163558
"la",1684,0.0396024883189239,0.453938738070428
"la",1685,0.0391002479498275,0.280073048453778
"la",1686,0.0131791166076437,0.118667997047305
"la",1687,0.0573050667275675,0.429387217853218
"la",1688,0.0637126223510131,0.486514267604798
"la",1689,0.076787799326703,0.422958315722644
"la",1690,0.0957553416630253,0.218501090537757
"la",1691,0.0540659114066511,0.179156828392297
"la",1692,0.017495861093048,0.18066917033866
"la",1693,0.0333935199095868,0.239805074594915
"la",1694,0.0887361963046715,0.189633945375681
"la",1695,0.0866853222739883,0.165796684008092
"la",1696,0.0858614198118448,0.137091980408877
"la",1697,0.0952213307167403,0.353159957192838
"la",1698,0.0687413471285254,0.413915337342769
"la",1699,0.0539340008702129,0.123795719258487
"la",1700,0.0268981030606665,0.133719861879945
"la",1701,0.0741729754698463,0.101711089536548
"la",1702,0.0176562973624095,0.1568882859312
"la",1703,0.05150794650428,0.471677481476218
"la",1704,0.0942316575953737,0.164753929246217
"la",1705,0.0860764301079325,0.495400459971279
"la",1706,0.0744568045227788,0.381689303833991
"la",1707,0.0211425713473,0.229817021917552
"la",1708,0.0635344715160318,0.231234093382955
"la",1709,0.0990867521287873,0.410680830292404
"la",1710,0.065386763906572,0.299441251251847
"la",1711,0.0345769900293089,0.298802739940584
"la",1712,0.01573361588642,0.206549936067313
"la",1713,0.0165072948019952,0.471920573990792
"la",1714,0.0886160092637874,0.371018313243985
"la",1715,0.0426542497030459,0.38410393288359
"la",1716,0.0951059934240766,0.212717629875988
"la",1717,0.0602487045992166,0.332276777178049
"la",1718,0.0561395035800524,0.481702721770853
"la",1719,0.095299449719023,0.114399419352412
"la",1720,0.0198821436008438,0.304094376880676
"la",1721,0.0837016795482487,0.444234382174909
"la",1722,0.0439607896097004,0.210996946785599
"la",1723,0.0600976943038404,0.245139631908387
"la",1724,0.0382484068023041,0.466607001237571
"la",1725,0.0174108592281118,0.132094149757177
"la",1726,0.0801943788048811,0.305089854914695
"la",1727,0.0273911255574785,0.268015138432384
"la",1728,0.0690026920824312,0.16321978662163
"la",1729,0.0491632347996347,0.279823196399957
"la",1730,0.0277433493896388,0.167848294600844
"la",1731,0.0995194379985333,0.442098883446306
"la",1732,0.0502068579779007,0.375253268424422
"la",1733,0.0128283997788094,0.148610094562173
"la",1734,0.0943314902321436,0.147646404523402
"la",1735,0.0883885558857583,0.215417551063001
"la",1736,0.0641121655050665,0.476094238832593
"la",1737,0.0369113910710439,0.472656147833914
"la",1738,0.0828411647654139,0.173171403538436
"la",1739,0.0956928146560676,0.465149496402592
"la",1740,0.0866848574136384,0.12658313261345
"la",1741,0.0214578762277961,0.451051507890225
"la",1742,0.0971994114806876,0.123524209763855
"la",1743,0.0601390907843597,0.480678349360824
"la",1744,0.0104828002629802,0.164027763158083
"la",1745,0.0222187527711503,0.332334142643958
"la",1746,0.0105262391408905,0.384566676057875
"la",1747,0.0835186655959115,0.212129007279873
"la",1748,0.080394722907804,0.110652671288699
"la",1749,0.0937959657236934,0.384248980972916
"la",1750,0.0431820894102566,0.225098727550358
"la",1751,0.0977009386755526,0.442054822482169
"la",1752,0.0841369313700125,0.288727722689509
"la",1753,0.0808703976939432,0.496841131430119
"la",1754,0.0660543251200579,0.131145578436554
"la",1755,0.0970619435957633,0.109883255045861
"la",1756,0.0549926641583443,0.330067402496934
"la",1757,0.0904326039669104,0.343065592832863
"la",1758,0.046093892226927,0.101746083702892
"la",1759,0.0502787448675372,0.397479997575283
"la",1760,0.0942201173910871,0.118710688129067
"la",1761,0.071499897763133,0.291291642095894
"la",1762,0.0116346817137673,0.475422018300742
"la",1763,0.0248974045901559,0.123855076171458
"la",1764,0.0546251049009152,0.48145636068657
"la",1765,0.0483881705231033,0.40832204176113
"la",1766,0.0992847808566876,0.440619760099798
"la",1767,0.090005511152558,0.187185840494931
"la",1768,0.0411179834138602,0.49778909906745
"la",1769,0.0735259712510742,0.377409224119037
"la",1770,0.0917852218355984,0.214853250421584
"la",1771,0.0708663598471321,0.427176973316818
"la",1772,0.0675190244149417,0.483769783657044
"la",1773,0.0234644074342214,0.460168601106852
"la",1774,0.0641012851032429,0.150735747721046
"la",1775,0.0345476112281904,0.123853106424212
"la",1776,0.0512068033940159,0.427365171629935
"la",1777,0.0300027783936821,0.444126550201327
"la",1778,0.0329429365182295,0.118079852219671
"la",1779,0.0688318954454735,0.189812204707414
"la",1780,0.0524793845019303,0.381927173957229
"la",1781,0.0244866732088849,0.139478264842182
"la",1782,0.0344872301141731,0.106356429960579
"la",1783,0.0741660483716987,0.462252337671816
"la",1784,0.0652018286962994,0.119613387808204
"la",1785,0.0218909769598395,0.449662481993437
"la",1786,0.0163006527884863,0.148228115960956
"la",1787,0.0969638511678204,0.261665649618953
"la",1788,0.0431443250179291,0.191969193238765
"la",1789,0.0709708676161245,0.410494163725525
"la",1790,0.0861356557346881,0.330530066415668
"la",1791,0.0317485346784815,0.17792190220207
"la",1792,0.0131635891948827,0.26990294419229
"la",1793,0.0635716213053092,0.275990158412606
"la",1794,0.0852572015207261,0.463538581877947
"la",1795,0.042602428921964,0.285065800882876
"la",1796,0.0398969680047594,0.47263913769275
"la",1797,0.0680262697651051,0.255781957041472
"la",1798,0.0962753623118624,0.422105378843844
"la",1799,0.0636583265615627,0.40742228794843
"la",1800,0.055925201617647,0.236362915951759
"la",1801,0.0239737722324207,0.475157375447452
"la",1802,0.0861265904968604,0.301532511971891
"la",1803,0.0292942383070476,0.229710923228413
"la",1804,0.0702885920344852,0.277058177813888
"la",1805,0.0655980806122534,0.294789391011
"la",1806,0.0144999799295329,0.436641056276858
"la",1807,0.0954458898026496,0.47966376459226
"la",1808,0.0624296828452498,0.288147924933583
"la",1809,0.0874858903349377,0.248424793500453
"la",1810,0.0566620524413884,0.190363406110555
"la",1811,0.0339514735108241,0.101842650491744
"la",1812,0.063763989713043,0.383774943090975
"la",1813,0.0816018475755118,0.378547337092459
"la",1814,0.0720357433822937,0.105877980589867
"la",1815,0.0532568480144255,0.175073076784611
"la",1816,0.0519336449890398,0.31474161343649
"la",1817,0.065657110165339,0.163603671826422
"la",1818,0.0504343462875113,0.198403995111585
"la",1819,0.0642436779430136,0.468925996962935
"la",1820,0.0104148076684214,0.245241843070835
"la",1821,0.0995495061273687,0.497126951534301
"la",1822,0.046581620357465,0.390289857145399
"la",1823,0.020615647342056,0.159688187297434
"la",1824,0.0882585185789503,0.336760809924454
"la",1825,0.0586173660913482,0.439494195580483
"la",1826,0.0893437901139259,0.393597782868892
"la",1827,0.0133785855141468,0.284998343512416
"la",1828,0.0893290565931238,0.30443475516513
"la",1829,0.0750114702805877,0.322553581930697
"la",1830,0.0792829266935587,0.180318259447813
"la",1831,0.0877234338060953,0.455676376633346
"la",1832,0.0550667892885394,0.161753597576171
"la",1833,0.0933277621888556,0.333839824423194
"la",1834,0.0287267203256488,0.29237478999421
"la",1835,0.012439503443893,0.178913285862654
"la",1836,0.0384213764895685,0.491369788534939
"la",1837,0.0694101024698466,0.227612585481256
"la",1838,0.0383222170663066,0.117915478441864
"la",1839,0.0950015249033459,0.401474436279386
"la",1840,0.08010735218646,0.326743579562753
"la",1841,0.040548812164925,0.1038987968117
"la",1842,0.0533481638203375,0.220301628299058
"la",1843,0.0474395318888128,0.445318083185703
"la",1844,0.0798700509523042,0.192859347071499
"la",1845,0.0536884305323474,0.123415921628475
"la",1846,0.0113769193738699,0.384419964626431
"la",1847,0.0678206165647134,0.30349941207096
"la",1848,0.0311346986354329,0.261978815775365
"la",1849,0.0772323294752277,0.26980556724593
"la",1850,0.0366046637063846,0.465586313791573
"la",1851,0.0915596372447908,0.460802596621215
"la",1852,0.0867991616157815,0.187226112931967
"la",1853,0.0515767399268225,0.329957818798721
"la",1854,0.0164213423454203,0.1162612545304
"la",1855,0.0620023352000862,0.316239004582167
"la",1856,0.0621621400606819,0.145131384953856
"la",1857,0.0994219099241309,0.40298154707998
"la",1858,0.0401746972952969,0.144457671791315
"la",1859,0.0700121596758254,0.181645760405809
"la",1860,0.0944700401788578,0.407081525307149
"la",1861,0.0617371151456609,0.268937866110355
"la",1862,0.0722540272516198,0.318781592324376
"la",1863,0.0180782728362828,0.452207534946501
"la",1864,0.0879813320166431,0.391051780618727
"la",1865,0.0551025457121432,0.4011384755373
"la",1866,0.0300930655724369,0.340295580029488
"la",1867,0.0471177317458205,0.140426695719361
"la",1868,0.0897675651614554,0.430489082448185
"la",1869,0.054603409350384,0.39529958255589
"la",1870,0.0705478354985826,0.453190261591226
"la",1871,0.0354253994161263,0.13366600330919
"la",1872,0.0835352472634986,0.43178900135681
"la",1873,0.032148950912524,0.209926515445113
"la",1874,0.0432681574532762,0.233686343953013
"la",1875,0.0311971955513582,0.454814817756414
"la",1876,0.0942181233363226,0.176530429534614
"la",1877,0.0473569145496003,0.10487653510645
"la",1878,0.0223704464850016,0.382137688528746
"la",1879,0.0922928250720725,0.115047487523407
"la",1880,0.0412877238471992,0.429010209813714
"la",1881,0.0867637788155116,0.461373815685511
"la",1882,0.0228371660877019,0.166583044826984
"la",1883,0.0423489583889022,0.183038186840713
"la",1884,0.0320954560767859,0.418352069705725
"la",1885,0.014131535186898,0.457278519310057
"la",1886,0.0806093111960217,0.197473180573434
"la",1887,0.0279254561057314,0.273277291376144
"la",1888,0.0452665219828487,0.259261322580278
"la",1889,0.0391206020186655,0.366237109992653
"la",1890,0.0641895314562135,0.222078758850694
"la",1891,0.0587144511612132,0.416788365971297
"la",1892,0.0991741359420121,0.236490717250854
"la",1893,0.0328411944210529,0.202981948666275
"la",1894,0.0761742903874256,0.101584609318525
"la",1895,0.0979847344942391,0.252135545946658
"la",1896,0.0602241617580876,0.339770627487451
"la",1897,0.0453437343565747,0.235614155232906
"la",1898,0.0842220333358273,0.170313696376979
"la",1899,0.0201146014779806,0.499027741793543
"la",1900,0.0582200113683939,0.206159843504429
"la",1901,0.0499448426393792,0.320076899137348
"la",1902,0.0346561491419561,0.154097866546363
"la",1903,0.0241621782211587,0.372728886455297
"la",1904,0.0884654266340658,0.280140426196158
"la",1905,0.0605840370734222,0.246657826378942
"la",1906,0.0595620782440528,0.254452536161989
"la",1907,0.0633128757053055,0.261788477748632
"la",1908,0.0755031576449983,0.43102588839829
"la",1909,0.0675032756151632,0.466405916493386
"la",1910,0.0653005148353986,0.404481170885265
"la",1911,0.0147175165521912,0.246939472761005
"la",1912,0.060864197765477,0.376555237639695
"la",1913,0.0628607242275029,0.303213071916252
"la",1914,0.0665710367611609,0.107770374976099
"la",1915,0.0659701580507681,0.358759655989706
"la",1916,0.0174043037835509,0.349203065782785
"la",1917,0.0169878350943327,0.233188443724066
"la",1918,0.071838522083126,0.110514734592289
"la",1919,0.0847273233137094,0.489978943672031
"la",1920,0.0231318887649104,0.496509942784905
"la",1921,0.0805177065078169,0.130631923489273
"la",1922,0.0537805071217008,0.315177949052304
"la",1923,0.0990338594908826,0.491141097247601
"la",1924,0.0549194459081628,0.143869887758046
"la",1925,0.0606034481571987,0.245028871204704
"la",1926,0.0440431318548508,0.299927743151784
"la",1927,0.0566773477592506,0.465051360614598
"la",1928,0.0166855412954465,0.328824333846569
"la",1929,0.0584625109750778,0.109117829892784
"la",1930,0.0964954900741577,0.442091850377619
"la",1931,0.0575029125623405,0.432193696685135
"la",1932,0.0493443506699987,0.451260425243527
"la",1933,0.0129040296911262,0.423840875737369
"la",1934,0.0133960762619972,0.100026134680957
"la",1935,0.0142613464547321,0.140730293188244
"la",1936,0.0244863132061437,0.43393035074696
"la",1937,0.0522187653998844,0.18845895845443
"la",1938,0.0825331577355973,0.112166550662369
"la",1939,0.0352537764492445,0.330690408684313
"la",1940,0.0779305586684495,0.402751904167235
"la",1941,0.0569643233367242,0.449461623746902
"la",1942,0.0360052473866381,0.124146365560591
"la",1943,0.0115639481320977,0.188735343515873
"la",1944,0.0701514576864429,0.265610068850219
"la",1945,0.0160278368229046,0.264531851932406
"la",1946,0.0852747784135863,0.331756131909788
"la",1947,0.0221808840241283,0.476779580581933
"la",1948,0.0690290297614411,0.495039438921958
"la",1949,0.0854152955929749,0.151919139549136
"la",1950,0.0331883196462877,0.209949992597103
"la",1951,0.0222395756607875,0.431353128701448
"la",1952,0.0787139572808519,0.496503487601876
"la",1953,0.029079660999123,0.369280223269016
"la",1954,0.0341172639303841,0.130955625791103
"la",1955,0.0578648075181991,0.15376136219129
"la",1956,0.0526705180667341,0.235238711442798
"la",1957,0.0436099298484623,0.200843592081219
"la",1958,0.0797814935678616,0.200329454429448
"la",1959,0.0602383573073894,0.413307167030871
"la",1960,0.0239712959039025,0.16951453210786
"la",1961,0.0990476603573188,0.339321566279978
"la",1962,0.0320001787319779,0.376633217744529
"la",1963,0.0217340660979971,0.469174239691347
"la",1964,0.0291413021855988,0.37598999356851
"la",1965,0.0442003823514096,0.209463590756059
"la",1966,0.0423659051931463,0.1043780637905
"la",1967,0.0372395844059065,0.117287839017808
"la",1968,0.0139959742268547,0.167159120179713
"la",1969,0.0941305017494597,0.441056330595165
"la",1970,0.0611845326889306,0.11836533844471
"la",1971,0.0298722470575012,0.20855505457148
"la",1972,0.0890165057755075,0.455577180255204
"la",1973,0.0520559925702401,0.319157317839563
"la",1974,0.0588114833203144,0.421927035413682
"la",1975,0.0805958356522024,0.482878647465259
"la",1976,0.0683083245158196,0.375897632166743
"la",1977,0.0230403832346201,0.260453429818153
"la",1978,0.0389473639428616,0.488416337687522
"la",1979,0.0955950024351478,0.475750343222171
"la",1980,0.0269378641899675,0.307312898337841
"la",1981,0.0775363823631778,0.1545160706155
"la",1982,0.0513242627750151,0.35069439811632
"la",1983,0.0227228544047102,0.429059993755072
"la",1984,0.0284673768444918,0.154506142158061
"la",1985,0.0707764149643481,0.338987275585532
"la",1986,0.0224227189458907,0.493185627181083
"la",1987,0.0473989330721088,0.192252259328961
"la",1988,0.0506122328620404,0.266948155127466
"la",1989,0.0660651912726462,0.140108399745077
"la",1990,0.0326056867674924,0.211404561437666
"la",1991,0.0517738117347471,0.312218596599996
"la",1992,0.0248958306154236,0.225647783279419
"la",1993,0.0872025808133185,0.340280829090625
"la",1994,0.0240896707563661,0.494839207362384
"la",1995,0.0179498470341787,0.343712594360113
"la",1996,0.0904075994715095,0.158294929098338
"la",1997,0.0370558457542211,0.38172658411786
"la",1998,0.0776878003962338,0.371672121621668
"la",1999,0.0461445983196609,0.229033546149731
"la",2000,0.0503702295478433,0.269326256401837
