"tree","model","predictor","value","minVal","maxVal","pair","clade","scaledValue","newLabel","color"
"pair1_afrotheria","ca","com1",1.9957961390901,0.301029995663981,2.985426474083,"1",1,0.631339728334115,"ca","#000000"
"pair1_afrotheria sister clade xenarthra","ca","com1",1.77177561912072,0.301029995663981,2.985426474083,"1",2,0.547886884549534,"ca","#000000"
"pair2_cetartiodactyla","ca","com1",1.99468632051207,0.301029995663981,2.985426474083,"2",1,0.630926295152037,"ca","#000000"
"pair2_cetartiodactyla sister clade carnivora perrisodactyla","ca","com1",1.92437058375712,0.301029995663981,2.985426474083,"2",2,0.604732051000605,"ca","#000000"
"pair4_humminbirds sister clade swifts","ca","com1",1.33901325563792,0.301029995663981,2.985426474083,"4",1,0.386672858617838,"ca","#000000"
"pair4_hummingbirds","ca","com1",1.86194666880466,0.301029995663981,2.985426474083,"4",2,0.581477693660211,"ca","#000000"
"pair5_lagomorpha","ca","com1",1.72609120140567,0.301029995663981,2.985426474083,"5",1,0.530868378497123,"ca","#000000"
"pair5_lagomorpha sister clade rodentia","ca","com1",2.3737127904518,0.301029995663981,2.985426474083,"5",2,0.772122453389793,"ca","#000000"
"pair6_passeriformes","ca","com1",2.46147324343811,0.301029995663981,2.985426474083,"6",1,0.804815259274414,"ca","#000000"
"pair6_passeriformes sister clade coraciiformes","ca","com1",2.06956767632845,0.301029995663981,2.985426474083,"6",2,0.658821338383683,"ca","#000000"
"pair8_storks","ca","com1",1.32234873792352,0.301029995663981,2.985426474083,"8",1,0.380464938942644,"ca","#000000"
"pair8_storks sister clade pelicaniformes","ca","com1",1.41062303696232,0.301029995663981,2.985426474083,"8",2,0.413349164409512,"ca","#000000"
"pair1_afrotheria","fh","com1",0.613950660527055,0.000828963704407215,0.999941356480122,"1",1,0.613666391545084,"fh","#E69F00"
"pair1_afrotheria sister clade xenarthra","fh","com1",0.450487311522674,0.000828963704407215,0.999941356480122,"1",2,0.450057822392769,"fh","#E69F00"
"pair2_cetartiodactyla","fh","com1",0.473783246718092,0.000828963704407215,0.999941356480122,"2",1,0.473374453598491,"fh","#E69F00"
"pair2_cetartiodactyla sister clade carnivora perrisodactyla","fh","com1",0.485630880964123,0.000828963704407215,0.999941356480122,"2",2,0.48523261323268,"fh","#E69F00"
"pair4_humminbirds sister clade swifts","fh","com1",0.598177465284003,0.000828963704407215,0.999941356480122,"4",1,0.597879183462086,"fh","#E69F00"
"pair4_hummingbirds","fh","com1",0.421131330443746,0.000828963704407215,0.999941356480122,"4",2,0.420675761584403,"fh","#E69F00"
"pair5_lagomorpha","fh","com1",0.410071450148233,0.000828963704407215,0.999941356480122,"5",1,0.40960605573801,"fh","#E69F00"
"pair5_lagomorpha sister clade rodentia","fh","com1",0.526084917274779,0.000828963704407215,0.999941356480122,"5",2,0.525722588738106,"fh","#E69F00"
"pair6_passeriformes","fh","com1",0.544297761131349,0.000828963704407215,0.999941356480122,"6",1,0.543951612808131,"fh","#E69F00"
"pair6_passeriformes sister clade coraciiformes","fh","com1",0.494067683344616,0.000828963704407215,0.999941356480122,"6",2,0.493676910832727,"fh","#E69F00"
"pair8_storks","fh","com1",0.540435453312858,0.000828963704407215,0.999941356480122,"8",1,0.540085873731709,"fh","#E69F00"
"pair8_storks sister clade pelicaniformes","fh","com1",0.393672008438129,0.000828963704407215,0.999941356480122,"8",2,0.393192044833247,"fh","#E69F00"
"pair1_afrotheria","gen","com1",-2.90155049504951,-4,-2,"1",1,0.549224752475247,"ge","#56B4E9"
"pair1_afrotheria sister clade xenarthra","gen","com1",-2.78709306930693,-4,-2,"1",2,0.606453465346535,"ge","#56B4E9"
"pair2_cetartiodactyla","gen","com1",-2.98031650165017,-4,-2,"2",1,0.509841749174917,"ge","#56B4E9"
"pair2_cetartiodactyla sister clade carnivora perrisodactyla","gen","com1",-2.9742402640264,-4,-2,"2",2,0.512879867986799,"ge","#56B4E9"
"pair4_humminbirds sister clade swifts","gen","com1",-3.07025907590759,-4,-2,"4",1,0.464870462046205,"ge","#56B4E9"
"pair4_hummingbirds","gen","com1",-2.97667887788779,-4,-2,"4",2,0.511660561056106,"ge","#56B4E9"
"pair5_lagomorpha","gen","com1",-2.88872739273927,-4,-2,"5",1,0.555636303630363,"ge","#56B4E9"
"pair5_lagomorpha sister clade rodentia","gen","com1",-3.03015742574257,-4,-2,"5",2,0.484921287128713,"ge","#56B4E9"
"pair6_passeriformes","gen","com1",-3.06863135313531,-4,-2,"6",1,0.465684323432343,"ge","#56B4E9"
"pair6_passeriformes sister clade coraciiformes","gen","com1",-2.92553729372937,-4,-2,"6",2,0.537231353135313,"ge","#56B4E9"
"pair8_storks","gen","com1",-3.0171399339934,-4,-2,"8",1,0.4914300330033,"ge","#56B4E9"
"pair8_storks sister clade pelicaniformes","gen","com1",-2.78776798679868,-4,-2,"8",2,0.60611600660066,"ge","#56B4E9"
"pair1_afrotheria","la","com1",0.044096697174419,0.0100418814155273,0.0999571579764597,"1",1,0.378743380006332,"am","#F0E442"
"pair1_afrotheria sister clade xenarthra","la","com1",0.072878196104065,0.0100418814155273,0.0999571579764597,"1",2,0.698839141599657,"am","#F0E442"
"pair2_cetartiodactyla","la","com1",0.063575144318369,0.0100418814155273,0.0999571579764597,"2",1,0.595374500867648,"am","#F0E442"
"pair2_cetartiodactyla sister clade carnivora perrisodactyla","la","com1",0.0559064533566285,0.0100418814155273,0.0999571579764597,"2",2,0.510086535851563,"am","#F0E442"
"pair4_humminbirds sister clade swifts","la","com1",0.0267564721088896,0.0100418814155273,0.0999571579764597,"4",1,0.185892668439221,"am","#F0E442"
"pair4_hummingbirds","la","com1",0.0283129852182252,0.0100418814155273,0.0999571579764597,"4",2,0.203203554518527,"am","#F0E442"
"pair5_lagomorpha","la","com1",0.0557418929038808,0.0100418814155273,0.0999571579764597,"5",1,0.508256363504418,"am","#F0E442"
"pair5_lagomorpha sister clade rodentia","la","com1",0.0650008152564147,0.0100418814155273,0.0999571579764597,"5",2,0.611230215186445,"am","#F0E442"
"pair6_passeriformes","la","com1",0.0543681329877429,0.0100418814155273,0.0999571579764597,"6",1,0.492977981802428,"am","#F0E442"
"pair6_passeriformes sister clade coraciiformes","la","com1",0.0807455957239794,0.0100418814155273,0.0999571579764597,"6",2,0.786337060983611,"am","#F0E442"
"pair8_storks","la","com1",0.0535033120831142,0.0100418814155273,0.0999571579764597,"8",1,0.483359806363211,"am","#F0E442"
"pair8_storks sister clade pelicaniformes","la","com1",0.0384838819239193,0.0100418814155273,0.0999571579764597,"8",2,0.316320002520571,"am","#F0E442"
"pair1_afrotheria","pontarp","com1",0.198748387006601,0.100094,0.2998975,"1",1,0.493757051335941,"pw","#0072B2"
"pair1_afrotheria sister clade xenarthra","pontarp","com1",0.179067188596502,0.100094,0.2998975,"1",2,0.395254280312916,"pw","#0072B2"
"pair2_cetartiodactyla","pontarp","com1",0.149324034194059,0.100094,0.2998975,"2",1,0.246392251357255,"pw","#0072B2"
"pair2_cetartiodactyla sister clade carnivora perrisodactyla","pontarp","com1",0.143394440159241,0.100094,0.2998975,"2",2,0.21671512340495,"pw","#0072B2"
"pair4_humminbirds sister clade swifts","pontarp","com1",0.175853762618317,0.100094,0.2998975,"4",1,0.37917134894192,"pw","#0072B2"
"pair4_hummingbirds","pontarp","com1",0.147494411506568,0.100094,0.2998975,"4",2,0.237235141058928,"pw","#0072B2"
"pair5_lagomorpha","pontarp","com1",0.174828551065974,0.100094,0.2998975,"5",1,0.374040249875371,"pw","#0072B2"
"pair5_lagomorpha sister clade rodentia","pontarp","com1",0.144723803764389,0.100094,0.2998975,"5",2,0.223368478351928,"pw","#0072B2"
"pair6_passeriformes","pontarp","com1",0.14327800418198,0.100094,0.2998975,"6",1,0.216132370964373,"pw","#0072B2"
"pair6_passeriformes sister clade coraciiformes","pontarp","com1",0.152403194375412,0.100094,0.2998975,"6",2,0.261803193514691,"pw","#0072B2"
"pair8_storks","pontarp","com1",0.198880175702409,0.100094,0.2998975,"8",1,0.494416642863661,"pw","#0072B2"
"pair8_storks sister clade pelicaniformes","pontarp","com1",0.193491812576205,0.100094,0.2998975,"8",2,0.4674483308661,"pw","#0072B2"
"pair1_afrotheria","xe","com1",0.472559424280868,0.001314657,0.999930594,"1",1,0.47189790370917,"xe","#CC79A7"
"pair1_afrotheria sister clade xenarthra","xe","com1",0.407105326646194,0.001314657,0.999930594,"1",2,0.40635308792012,"xe","#CC79A7"
"pair2_cetartiodactyla","xe","com1",0.331075420904057,0.001314657,0.999930594,"2",1,0.330217806151492,"xe","#CC79A7"
"pair2_cetartiodactyla sister clade carnivora perrisodactyla","xe","com1",0.388352747672154,0.001314657,0.999930594,"2",2,0.387574518222569,"xe","#CC79A7"
"pair4_humminbirds sister clade swifts","xe","com1",0.492776542270015,0.001314657,0.999930594,"4",1,0.492143042245494,"xe","#CC79A7"
"pair4_hummingbirds","xe","com1",0.457633736339831,0.001314657,0.999930594,"4",2,0.456951529043974,"xe","#CC79A7"
"pair5_lagomorpha","xe","com1",0.356178001774036,0.001314657,0.999930594,"5",1,0.355355178728773,"xe","#CC79A7"
"pair5_lagomorpha sister clade rodentia","xe","com1",0.435154623744838,0.001314657,0.999930594,"5",2,0.434441260819612,"xe","#CC79A7"
"pair6_passeriformes","xe","com1",0.513972309159987,0.001314657,0.999930594,"6",1,0.513368186071706,"xe","#CC79A7"
"pair6_passeriformes sister clade coraciiformes","xe","com1",0.319968752440693,0.001314657,0.999930594,"6",2,0.319095744053495,"xe","#CC79A7"
"pair8_storks","xe","com1",0.513633995387119,0.001314657,0.999930594,"8",1,0.51302940340228,"xe","#CC79A7"
"pair8_storks sister clade pelicaniformes","xe","com1",0.342882985793751,0.001314657,0.999930594,"8",2,0.34204173610515,"xe","#CC79A7"
"pair1_afrotheria","ca","dis1",-0.0962998794915363,-0.295774570124117,-0.0100768427367111,"1",1,0.698201880906435,"ca","#000000"
"pair1_afrotheria sister clade xenarthra","ca","dis1",-0.0787821799787019,-0.295774570124117,-0.0100768427367111,"1",2,0.75951738268878,"ca","#000000"
"pair2_cetartiodactyla","ca","dis1",-0.0824012003177629,-0.295774570124117,-0.0100768427367111,"2",1,0.746850077379229,"ca","#000000"
"pair2_cetartiodactyla sister clade carnivora perrisodactyla","ca","dis1",-0.0833530035658349,-0.295774570124117,-0.0100768427367111,"2",2,0.743518572936489,"ca","#000000"
"pair4_humminbirds sister clade swifts","ca","dis1",-0.0680737572014258,-0.295774570124117,-0.0100768427367111,"4",1,0.796999034626303,"ca","#000000"
"pair4_hummingbirds","ca","dis1",-0.0759155376042014,-0.295774570124117,-0.0100768427367111,"4",2,0.76955121250155,"ca","#000000"
"pair5_lagomorpha","ca","dis1",-0.069710321200004,-0.295774570124117,-0.0100768427367111,"5",1,0.79127072865221,"ca","#000000"
"pair5_lagomorpha sister clade rodentia","ca","dis1",-0.0887552603664805,-0.295774570124117,-0.0100768427367111,"5",2,0.724609578279629,"ca","#000000"
"pair6_passeriformes","ca","dis1",-0.0919512287463965,-0.295774570124117,-0.0100768427367111,"6",1,0.713423040643709,"ca","#000000"
"pair6_passeriformes sister clade coraciiformes","ca","dis1",-0.0756177151089772,-0.295774570124117,-0.0100768427367111,"6",2,0.770593651648504,"ca","#000000"
"pair8_storks","ca","dis1",-0.0785924705708793,-0.295774570124117,-0.0100768427367111,"8",1,0.760181404098952,"ca","#000000"
"pair8_storks sister clade pelicaniformes","ca","dis1",-0.0716519183627021,-0.295774570124117,-0.0100768427367111,"8",2,0.784474744727335,"ca","#000000"
"pair1_afrotheria","fh","dis1",1.79478180418262,0,4.99860405642539,"1",1,0.359056605388768,"fh","#E69F00"
"pair1_afrotheria sister clade xenarthra","fh","dis1",2.29018797126334,0,4.99860405642539,"1",2,0.458165508892318,"fh","#E69F00"
"pair2_cetartiodactyla","fh","dis1",2.13262210044375,0,4.99860405642539,"2",1,0.42664353414878,"fh","#E69F00"
"pair2_cetartiodactyla sister clade carnivora perrisodactyla","fh","dis1",2.12316920444215,0,4.99860405642539,"2",2,0.424752426972676,"fh","#E69F00"
"pair4_humminbirds sister clade swifts","fh","dis1",2.03529292621124,0,4.99860405642539,"4",1,0.407172263143147,"fh","#E69F00"
"pair4_hummingbirds","fh","dis1",2.11772503871413,0,4.99860405642539,"4",2,0.423663289752251,"fh","#E69F00"
"pair5_lagomorpha","fh","dis1",2.22298527450733,0,4.99860405642539,"5",1,0.444721216046272,"fh","#E69F00"
"pair5_lagomorpha sister clade rodentia","fh","dis1",2.13532024907981,0,4.99860405642539,"5",2,0.427183314576595,"fh","#E69F00"
"pair6_passeriformes","fh","dis1",2.0867323819698,0,4.99860405642539,"6",1,0.417463027360096,"fh","#E69F00"
"pair6_passeriformes sister clade coraciiformes","fh","dis1",2.08712777941354,0,4.99860405642539,"6",2,0.417542128933111,"fh","#E69F00"
"pair8_storks","fh","dis1",2.39872319275056,0,4.99860405642539,"8",1,0.479878615244021,"fh","#E69F00"
"pair8_storks sister clade pelicaniformes","fh","dis1",2.12392306022734,0,4.99860405642539,"8",2,0.424903240235075,"fh","#E69F00"
"pair1_afrotheria","gen","dis1",-2.63597026143791,-5,-2,"1",1,0.78800991285403,"ge","#56B4E9"
"pair1_afrotheria sister clade xenarthra","gen","dis1",-2.66166764705882,-5,-2,"1",2,0.779444117647059,"ge","#56B4E9"
"pair2_cetartiodactyla","gen","dis1",-3.18210326797386,-5,-2,"2",1,0.605965577342048,"ge","#56B4E9"
"pair2_cetartiodactyla sister clade carnivora perrisodactyla","gen","dis1",-2.83976339869281,-5,-2,"2",2,0.720078867102397,"ge","#56B4E9"
"pair4_humminbirds sister clade swifts","gen","dis1",-3.96585392156863,-5,-2,"4",1,0.344715359477124,"ge","#56B4E9"
"pair4_hummingbirds","gen","dis1",-3.50615392156863,-5,-2,"4",2,0.497948692810458,"ge","#56B4E9"
"pair5_lagomorpha","gen","dis1",-3.11379215686275,-5,-2,"5",1,0.628735947712418,"ge","#56B4E9"
"pair5_lagomorpha sister clade rodentia","gen","dis1",-3.25827647058824,-5,-2,"5",2,0.580574509803922,"ge","#56B4E9"
"pair6_passeriformes","gen","dis1",-3.23331503267974,-5,-2,"6",1,0.588894989106754,"ge","#56B4E9"
"pair6_passeriformes sister clade coraciiformes","gen","dis1",-2.85074967320261,-5,-2,"6",2,0.716416775599129,"ge","#56B4E9"
"pair8_storks","gen","dis1",-2.9321931372549,-5,-2,"8",1,0.689268954248366,"ge","#56B4E9"
"pair8_storks sister clade pelicaniformes","gen","dis1",-3.17928039215686,-5,-2,"8",2,0.606906535947712,"ge","#56B4E9"
"pair1_afrotheria","hs","dis1",-3.25420092575173,-6.99139982823808,-2.01864106432192,"1",1,0.751534325293355,"hs","#009E73"
"pair1_afrotheria sister clade xenarthra","hs","dis1",-3.03905338790589,-6.99139982823808,-2.01864106432192,"1",2,0.794799552516324,"hs","#009E73"
"pair2_cetartiodactyla","hs","dis1",-2.91668997475963,-6.99139982823808,-2.01864106432192,"2",1,0.819406298782434,"hs","#009E73"
"pair2_cetartiodactyla sister clade carnivora perrisodactyla","hs","dis1",-2.93012476833165,-6.99139982823808,-2.01864106432192,"2",2,0.816704620657706,"hs","#009E73"
"pair4_humminbirds sister clade swifts","hs","dis1",-3.08932800446885,-6.99139982823808,-2.01864106432192,"4",1,0.784689547396476,"hs","#009E73"
"pair4_hummingbirds","hs","dis1",-3.28775856671669,-6.99139982823808,-2.01864106432192,"4",2,0.744786030723253,"hs","#009E73"
"pair5_lagomorpha","hs","dis1",-2.99786416769539,-6.99139982823808,-2.01864106432192,"5",1,0.803082524236041,"hs","#009E73"
"pair5_lagomorpha sister clade rodentia","hs","dis1",-3.26923061116747,-6.99139982823808,-2.01864106432192,"5",2,0.748511921406643,"hs","#009E73"
"pair6_passeriformes","hs","dis1",-3.02430886751521,-6.99139982823808,-2.01864106432192,"6",1,0.797764610965904,"hs","#009E73"
"pair6_passeriformes sister clade coraciiformes","hs","dis1",-2.97044990646893,-6.99139982823808,-2.01864106432192,"6",2,0.808595412057061,"hs","#009E73"
"pair8_storks","hs","dis1",-3.29207577507242,-6.99139982823808,-2.01864106432192,"8",1,0.743917859038141,"hs","#009E73"
"pair8_storks sister clade pelicaniformes","hs","dis1",-3.20695727487014,-6.99139982823808,-2.01864106432192,"8",2,0.761034816494418,"hs","#009E73"
"pair1_afrotheria","pontarp","dis1",0.0500870861336115,0.001024436,0.09996582,"1",1,0.49587592319925,"pw","#0072B2"
"pair1_afrotheria sister clade xenarthra","pontarp","dis1",0.0431020454558819,0.001024436,0.09996582,"1",2,0.42527815717518,"pw","#0072B2"
"pair2_cetartiodactyla","pontarp","dis1",0.0535916004656729,0.001024436,0.09996582,"2",1,0.531296029431657,"pw","#0072B2"
"pair2_cetartiodactyla sister clade carnivora perrisodactyla","pontarp","dis1",0.0521807935244336,0.001024436,0.09996582,"2",2,0.517037011776929,"pw","#0072B2"
"pair4_humminbirds sister clade swifts","pontarp","dis1",0.0475069063775709,0.001024436,0.09996582,"4",1,0.469798061219468,"pw","#0072B2"
"pair4_hummingbirds","pontarp","dis1",0.0462369060816063,0.001024436,0.09996582,"4",2,0.456962175520066,"pw","#0072B2"
"pair5_lagomorpha","pontarp","dis1",0.052368712221457,0.001024436,0.09996582,"5",1,0.518936304968779,"pw","#0072B2"
"pair5_lagomorpha sister clade rodentia","pontarp","dis1",0.0510985188509551,0.001024436,0.09996582,"5",2,0.506098467866136,"pw","#0072B2"
"pair6_passeriformes","pontarp","dis1",0.0475849188698366,0.001024436,0.09996582,"6",1,0.470586533030876,"pw","#0072B2"
"pair6_passeriformes sister clade coraciiformes","pontarp","dis1",0.0566743499078603,0.001024436,0.09996582,"6",2,0.56245336034374,"pw","#0072B2"
"pair8_storks","pontarp","dis1",0.0495483981502093,0.001024436,0.09996582,"8",1,0.490431406843968,"pw","#0072B2"
"pair8_storks sister clade pelicaniformes","pontarp","dis1",0.0542188344443452,0.001024436,0.09996582,"8",2,0.537635479652732,"pw","#0072B2"
"pair1_afrotheria","ve","dis1",0.00148241972088069,0.000100564949773252,0.00499786549240816,"1",1,0.282166626098866,"ve","#D55E00"
"pair1_afrotheria sister clade xenarthra","ve","dis1",0.00152855348944776,0.000100564949773252,0.00499786549240816,"1",2,0.291586870612235,"ve","#D55E00"
"pair2_cetartiodactyla","ve","dis1",0.000708349243667877,0.000100564949773252,0.00499786549240816,"2",1,0.124105982184139,"ve","#D55E00"
"pair2_cetartiodactyla sister clade carnivora perrisodactyla","ve","dis1",0.000822784579399377,0.000100564949773252,0.00499786549240816,"2",2,0.147473005452417,"ve","#D55E00"
"pair4_humminbirds sister clade swifts","ve","dis1",0.00123300506455647,0.000100564949773252,0.00499786549240816,"4",1,0.231237618546059,"ve","#D55E00"
"pair4_hummingbirds","ve","dis1",0.000720004517810353,0.000100564949773252,0.00499786549240816,"4",2,0.126485920691284,"ve","#D55E00"
"pair5_lagomorpha","ve","dis1",0.000801570741254812,0.000100564949773252,0.00499786549240816,"5",1,0.143141264330981,"ve","#D55E00"
"pair5_lagomorpha sister clade rodentia","ve","dis1",0.000805692582297447,0.000100564949773252,0.00499786549240816,"5",2,0.143982920056773,"ve","#D55E00"
"pair6_passeriformes","ve","dis1",0.000953813914460187,0.000100564949773252,0.00499786549240816,"6",1,0.174228425896823,"ve","#D55E00"
"pair6_passeriformes sister clade coraciiformes","ve","dis1",0.00122749087263701,0.000100564949773252,0.00499786549240816,"6",2,0.230111652951042,"ve","#D55E00"
"pair8_storks","ve","dis1",0.00178900318157292,0.000100564949773252,0.00499786549240816,"8",1,0.344769167646639,"ve","#D55E00"
"pair8_storks sister clade pelicaniformes","ve","dis1",0.000904333072621856,0.000100564949773252,0.00499786549240816,"8",2,0.164124728684948,"ve","#D55E00"
"pair1_afrotheria","xe","dis1",1.63258757385577,-0.998288435044051,1.99959037780332,"1",1,0.877579172855568,"xe","#CC79A7"
"pair1_afrotheria sister clade xenarthra","xe","dis1",1.64733766785722,-0.998288435044051,1.99959037780332,"1",2,0.88249934972804,"xe","#CC79A7"
"pair2_cetartiodactyla","xe","dis1",1.60442002070994,-0.998288435044051,1.99959037780332,"2",1,0.868183345037205,"xe","#CC79A7"
"pair2_cetartiodactyla sister clade carnivora perrisodactyla","xe","dis1",1.60546437386417,-0.998288435044051,1.99959037780332,"2",2,0.868531709070386,"xe","#CC79A7"
"pair4_humminbirds sister clade swifts","xe","dis1",1.57686075639564,-0.998288435044051,1.99959037780332,"4",1,0.858990423630175,"xe","#CC79A7"
"pair4_hummingbirds","xe","dis1",1.59402229281287,-0.998288435044051,1.99959037780332,"4",2,0.864714983390126,"xe","#CC79A7"
"pair5_lagomorpha","xe","dis1",1.61073304500782,-0.998288435044051,1.99959037780332,"5",1,0.870289175423286,"xe","#CC79A7"
"pair5_lagomorpha sister clade rodentia","xe","dis1",1.49773157939198,-0.998288435044051,1.99959037780332,"5",2,0.832595368344902,"xe","#CC79A7"
"pair6_passeriformes","xe","dis1",1.4821751733156,-0.998288435044051,1.99959037780332,"6",1,0.827406230608675,"xe","#CC79A7"
"pair6_passeriformes sister clade coraciiformes","xe","dis1",1.59522716852061,-0.998288435044051,1.99959037780332,"6",2,0.865116892801066,"xe","#CC79A7"
"pair8_storks","xe","dis1",1.66061544776637,-0.998288435044051,1.99959037780332,"8",1,0.886928407984914,"xe","#CC79A7"
"pair8_storks sister clade pelicaniformes","xe","dis1",1.6067920133478,-0.998288435044051,1.99959037780332,"8",2,0.86897456869431,"xe","#CC79A7"
"pair1_afrotheria","ca","env1",9.0019908496732,6,12,"1",1,0.500331808278867,"ca","#000000"
"pair1_afrotheria sister clade xenarthra","ca","env1",8.99992941176471,6,12,"1",2,0.499988235294118,"ca","#000000"
"pair2_cetartiodactyla","ca","env1",8.54319379084967,6,12,"2",1,0.423865631808279,"ca","#000000"
"pair2_cetartiodactyla sister clade carnivora perrisodactyla","ca","env1",8.60095522875817,6,12,"2",2,0.433492538126361,"ca","#000000"
"pair4_humminbirds sister clade swifts","ca","env1",8.54793790849673,6,12,"4",1,0.424656318082789,"ca","#000000"
"pair4_hummingbirds","ca","env1",8.45917124183006,6,12,"4",2,0.409861873638344,"ca","#000000"
"pair5_lagomorpha","ca","env1",8.81692320261438,6,12,"5",1,0.46948720043573,"ca","#000000"
"pair5_lagomorpha sister clade rodentia","ca","env1",8.35315718954248,6,12,"5",2,0.392192864923747,"ca","#000000"
"pair6_passeriformes","ca","env1",8.28305947712418,6,12,"6",1,0.380509912854031,"ca","#000000"
"pair6_passeriformes sister clade coraciiformes","ca","env1",8.74879019607843,6,12,"6",2,0.458131699346405,"ca","#000000"
"pair8_storks","ca","env1",8.81849836601307,6,12,"8",1,0.469749727668845,"ca","#000000"
"pair8_storks sister clade pelicaniformes","ca","env1",8.83244967320261,6,12,"8",2,0.472074945533769,"ca","#000000"
"pair1_afrotheria","fh","env1",0.441994163848158,0.000826109433546662,0.998103322228417,"1",1,0.442372540708353,"fh","#E69F00"
"pair1_afrotheria sister clade xenarthra","fh","env1",0.373327452407805,0.000826109433546662,0.998103322228417,"1",2,0.373518353969327,"fh","#E69F00"
"pair2_cetartiodactyla","fh","env1",0.378585264146029,0.000826109433546662,0.998103322228417,"2",1,0.378790520695657,"fh","#E69F00"
"pair2_cetartiodactyla sister clade carnivora perrisodactyla","fh","env1",0.395041419177348,0.000826109433546662,0.998103322228417,"2",2,0.395291604667285,"fh","#E69F00"
"pair4_humminbirds sister clade swifts","fh","env1",0.539086626055683,0.000826109433546662,0.998103322228417,"4",1,0.53973008679669,"fh","#E69F00"
"pair4_hummingbirds","fh","env1",0.403553188096074,0.000826109433546662,0.998103322228417,"4",2,0.403826612596396,"fh","#E69F00"
"pair5_lagomorpha","fh","env1",0.360663150028632,0.000826109433546662,0.998103322228417,"5",1,0.360819475245646,"fh","#E69F00"
"pair5_lagomorpha sister clade rodentia","fh","env1",0.381382625047485,0.000826109433546662,0.998103322228417,"5",2,0.381595519010635,"fh","#E69F00"
"pair6_passeriformes","fh","env1",0.411669346017359,0.000826109433546662,0.998103322228417,"6",1,0.411964929422606,"fh","#E69F00"
"pair6_passeriformes sister clade coraciiformes","fh","env1",0.407682568104518,0.000826109433546662,0.998103322228417,"6",2,0.407967266724921,"fh","#E69F00"
"pair8_storks","fh","env1",0.499182952495873,0.000826109433546662,0.998103322228417,"8",1,0.499717467388712,"fh","#E69F00"
"pair8_storks sister clade pelicaniformes","fh","env1",0.406816106540757,0.000826109433546662,0.998103322228417,"8",2,0.40709843952959,"fh","#E69F00"
"pair1_afrotheria","gen","env1",10.3920483660131,2,20,"1",1,0.466224909222949,"ge","#56B4E9"
"pair1_afrotheria sister clade xenarthra","gen","env1",9.56243202614379,2,20,"1",2,0.420135112563544,"ge","#56B4E9"
"pair2_cetartiodactyla","gen","env1",10.7301307189542,2,20,"2",1,0.485007262164125,"ge","#56B4E9"
"pair2_cetartiodactyla sister clade carnivora perrisodactyla","gen","env1",12.1099094771242,2,20,"2",2,0.56166163761801,"ge","#56B4E9"
"pair4_humminbirds sister clade swifts","gen","env1",12.7791117647059,2,20,"4",1,0.59883954248366,"ge","#56B4E9"
"pair4_hummingbirds","gen","env1",12.1637058823529,2,20,"4",2,0.564650326797386,"ge","#56B4E9"
"pair5_lagomorpha","gen","env1",11.4034473856209,2,20,"5",1,0.522413743645606,"ge","#56B4E9"
"pair5_lagomorpha sister clade rodentia","gen","env1",11.2510166666667,2,20,"5",2,0.51394537037037,"ge","#56B4E9"
"pair6_passeriformes","gen","env1",11.2179183006536,2,20,"6",1,0.512106572258533,"ge","#56B4E9"
"pair6_passeriformes sister clade coraciiformes","gen","env1",10.4911026143791,2,20,"6",2,0.47172792302106,"ge","#56B4E9"
"pair8_storks","gen","env1",11.6550310457516,2,20,"8",1,0.536390613652869,"ge","#56B4E9"
"pair8_storks sister clade pelicaniformes","gen","env1",12.0582924836601,2,20,"8",2,0.558794026870007,"ge","#56B4E9"
"pair1_afrotheria","hs","env1",-3.69532589458528,-10.96077372,-1.018368582,"1",1,0.73075354751398,"hs","#009E73"
"pair1_afrotheria sister clade xenarthra","hs","env1",-4.65887680212039,-10.96077372,-1.018368582,"1",2,0.633840286169156,"hs","#009E73"
"pair2_cetartiodactyla","hs","env1",-4.69385850355734,-10.96077372,-1.018368582,"2",1,0.630321851650405,"hs","#009E73"
"pair2_cetartiodactyla sister clade carnivora perrisodactyla","hs","env1",-4.7956406462377,-10.96077372,-1.018368582,"2",2,0.620084676513441,"hs","#009E73"
"pair4_humminbirds sister clade swifts","hs","env1",-3.90512024663175,-10.96077372,-1.018368582,"4",1,0.709652581587271,"hs","#009E73"
"pair4_hummingbirds","hs","env1",-4.47226223898797,-10.96077372,-1.018368582,"4",2,0.652609845500346,"hs","#009E73"
"pair5_lagomorpha","hs","env1",-4.01334599629121,-10.96077372,-1.018368582,"5",1,0.698767313067503,"hs","#009E73"
"pair5_lagomorpha sister clade rodentia","hs","env1",-5.41234716149203,-10.96077372,-1.018368582,"5",2,0.55805677615186,"hs","#009E73"
"pair6_passeriformes","hs","env1",-5.12112658913891,-10.96077372,-1.018368582,"6",1,0.587347533097588,"hs","#009E73"
"pair6_passeriformes sister clade coraciiformes","hs","env1",-4.65310373939242,-10.96077372,-1.018368582,"6",2,0.634420936690619,"hs","#009E73"
"pair8_storks","hs","env1",-4.31118976710905,-10.96077372,-1.018368582,"8",1,0.668810399555752,"hs","#009E73"
"pair8_storks sister clade pelicaniformes","hs","env1",-4.20520177633835,-10.96077372,-1.018368582,"8",2,0.679470595886479,"hs","#009E73"
"pair1_afrotheria","pontarp","env1",0.477434886218497,0.1002881,0.997416,"1",1,0.420393553938626,"pw","#0072B2"
"pair1_afrotheria sister clade xenarthra","pontarp","env1",0.421361247329902,0.1002881,0.997416,"1",2,0.357890048152445,"pw","#0072B2"
"pair2_cetartiodactyla","pontarp","env1",0.642801968274477,0.1002881,0.997416,"2",1,0.604722992423351,"pw","#0072B2"
"pair2_cetartiodactyla sister clade carnivora perrisodactyla","pontarp","env1",0.655260412008921,0.1002881,0.997416,"2",2,0.618610024288534,"pw","#0072B2"
"pair4_humminbirds sister clade swifts","pontarp","env1",0.663166075175751,0.1002881,0.997416,"4",1,0.627422216136352,"pw","#0072B2"
"pair4_hummingbirds","pontarp","env1",0.664264199263333,0.1002881,0.997416,"4",2,0.628646260208085,"pw","#0072B2"
"pair5_lagomorpha","pontarp","env1",0.558610669302483,0.1002881,0.997416,"5",1,0.51087762324913,"pw","#0072B2"
"pair5_lagomorpha sister clade rodentia","pontarp","env1",0.651562837086797,0.1002881,0.997416,"5",2,0.614488454864459,"pw","#0072B2"
"pair6_passeriformes","pontarp","env1",0.667659711014836,0.1002881,0.997416,"6",1,0.632431129401768,"pw","#0072B2"
"pair6_passeriformes sister clade coraciiformes","pontarp","env1",0.59403608570464,0.1002881,0.997416,"6",2,0.550365210695867,"pw","#0072B2"
"pair8_storks","pontarp","env1",0.528497485532483,0.1002881,0.997416,"8",1,0.477311412935083,"pw","#0072B2"
"pair8_storks sister clade pelicaniformes","pontarp","env1",0.547055574420686,0.1002881,0.997416,"8",2,0.497997525682443,"pw","#0072B2"
"pair1_afrotheria","ca","mut1",-1.41627129264204,-2.99632628355175,-1.00013881269842,"1",1,0.791536373201597,"ca","#000000"
"pair1_afrotheria sister clade xenarthra","ca","mut1",-1.36962573320112,-2.99632628355175,-1.00013881269842,"1",2,0.814903697224016,"ca","#000000"
"pair2_cetartiodactyla","ca","mut1",-1.36277243277611,-2.99632628355175,-1.00013881269842,"2",1,0.818336892014122,"ca","#000000"
"pair2_cetartiodactyla sister clade carnivora perrisodactyla","ca","mut1",-1.37139704311071,-2.99632628355175,-1.00013881269842,"2",2,0.814016350752076,"ca","#000000"
"pair4_humminbirds sister clade swifts","ca","mut1",-1.33254404043166,-2.99632628355175,-1.00013881269842,"4",1,0.8334799548706,"ca","#000000"
"pair4_hummingbirds","ca","mut1",-1.37081049379901,-2.99632628355175,-1.00013881269842,"4",2,0.814310185534762,"ca","#000000"
"pair5_lagomorpha","ca","mut1",-1.35123161791162,-2.99632628355175,-1.00013881269842,"5",1,0.824118320378439,"ca","#000000"
"pair5_lagomorpha sister clade rodentia","ca","mut1",-1.35148405805479,-2.99632628355175,-1.00013881269842,"5",2,0.823991859238462,"ca","#000000"
"pair6_passeriformes","ca","mut1",-1.36725651557115,-2.99632628355175,-1.00013881269842,"6",1,0.816090568529722,"ca","#000000"
"pair6_passeriformes sister clade coraciiformes","ca","mut1",-1.38098828982881,-2.99632628355175,-1.00013881269842,"6",2,0.809211568206276,"ca","#000000"
"pair8_storks","ca","mut1",-1.33271843968818,-2.99632628355175,-1.00013881269842,"8",1,0.833392588699306,"ca","#000000"
"pair8_storks sister clade pelicaniformes","ca","mut1",-1.40795833821885,-2.99632628355175,-1.00013881269842,"8",2,0.795700788891288,"ca","#000000"
"pair1_afrotheria","fh","mut1",3.53450562584044,0.500421839184128,4.99911818711553,"1",1,0.674436225963873,"fh","#E69F00"
"pair1_afrotheria sister clade xenarthra","fh","mut1",2.64251494613709,0.500421839184128,4.99911818711553,"1",2,0.476158633809091,"fh","#E69F00"
"pair2_cetartiodactyla","fh","mut1",3.9032166909537,0.500421839184128,4.99911818711553,"2",1,0.756395761926508,"fh","#E69F00"
"pair2_cetartiodactyla sister clade carnivora perrisodactyla","fh","mut1",3.96433383838338,0.500421839184128,4.99911818711553,"2",2,0.769981285976777,"fh","#E69F00"
"pair4_humminbirds sister clade swifts","fh","mut1",3.26385746607433,0.500421839184128,4.99911818711553,"4",1,0.614274761656427,"fh","#E69F00"
"pair4_hummingbirds","fh","mut1",3.62709896351586,0.500421839184128,4.99911818711553,"4",2,0.695018485915247,"fh","#E69F00"
"pair5_lagomorpha","fh","mut1",3.68398634892411,0.500421839184128,4.99911818711553,"5",1,0.707663790467622,"fh","#E69F00"
"pair5_lagomorpha sister clade rodentia","fh","mut1",3.95371062279908,0.500421839184128,4.99911818711553,"5",2,0.767619887304207,"fh","#E69F00"
"pair6_passeriformes","fh","mut1",3.92141883550964,0.500421839184128,4.99911818711553,"6",1,0.760441855093989,"fh","#E69F00"
"pair6_passeriformes sister clade coraciiformes","fh","mut1",3.95310755164152,0.500421839184128,4.99911818711553,"6",2,0.767485832655724,"fh","#E69F00"
"pair8_storks","fh","mut1",1.26135467270025,0.500421839184128,4.99911818711553,"8",1,0.169145186664136,"fh","#E69F00"
"pair8_storks sister clade pelicaniformes","fh","mut1",3.53206888606763,0.500421839184128,4.99911818711553,"8",2,0.673894571318982,"fh","#E69F00"
"pair1_afrotheria","gen","mut1",-32.4168118811881,-60,-6,"1",1,0.510799779977998,"ge","#56B4E9"
"pair1_afrotheria sister clade xenarthra","gen","mut1",-31.3831386138614,-60,-6,"1",2,0.529941877521085,"ge","#56B4E9"
"pair2_cetartiodactyla","gen","mut1",-32.5737062706271,-60,-6,"2",1,0.507894328321721,"ge","#56B4E9"
"pair2_cetartiodactyla sister clade carnivora perrisodactyla","gen","mut1",-31.7807343234323,-60,-6,"2",2,0.522578994010512,"ge","#56B4E9"
"pair4_humminbirds sister clade swifts","gen","mut1",-31.2166386138614,-60,-6,"4",1,0.533025210854419,"ge","#56B4E9"
"pair4_hummingbirds","gen","mut1",-31.0785498349835,-60,-6,"4",2,0.535582410463269,"ge","#56B4E9"
"pair5_lagomorpha","gen","mut1",-34.1803072607261,-60,-6,"5",1,0.478142458134702,"ge","#56B4E9"
"pair5_lagomorpha sister clade rodentia","gen","mut1",-30.0476151815182,-60,-6,"5",2,0.554673792934849,"ge","#56B4E9"
"pair6_passeriformes","gen","mut1",-33.676599669967,-60,-6,"6",1,0.487470376482093,"ge","#56B4E9"
"pair6_passeriformes sister clade coraciiformes","gen","mut1",-34.555203630363,-60,-6,"6",2,0.471199932771055,"ge","#56B4E9"
"pair8_storks","gen","mut1",-36.8411772277228,-60,-6,"8",1,0.428867088375504,"ge","#56B4E9"
"pair8_storks sister clade pelicaniformes","gen","mut1",-34.4175927392739,-60,-6,"8",2,0.473748282606038,"ge","#56B4E9"
"pair1_afrotheria","hs","mut1",-5.67607912653963,-7.99567862621736,-4.00043451177402,"1",1,0.580590180032321,"hs","#009E73"
"pair1_afrotheria sister clade xenarthra","hs","mut1",-5.71069424989977,-7.99567862621736,-4.00043451177402,"1",2,0.571926097846453,"hs","#009E73"
"pair2_cetartiodactyla","hs","mut1",-5.26960713282599,-7.99567862621736,-4.00043451177402,"2",1,0.682329143177072,"hs","#009E73"
"pair2_cetartiodactyla sister clade carnivora perrisodactyla","hs","mut1",-5.35385115352955,-7.99567862621736,-4.00043451177402,"2",2,0.661243067260207,"hs","#009E73"
"pair4_humminbirds sister clade swifts","hs","mut1",-6.47420620908489,-7.99567862621736,-4.00043451177402,"4",1,0.38082088942504,"hs","#009E73"
"pair4_hummingbirds","hs","mut1",-5.73207874160631,-7.99567862621736,-4.00043451177402,"4",2,0.566573610966056,"hs","#009E73"
"pair5_lagomorpha","hs","mut1",-5.52723011907249,-7.99567862621736,-4.00043451177402,"5",1,0.617846728869732,"hs","#009E73"
"pair5_lagomorpha sister clade rodentia","hs","mut1",-5.06133814362535,-7.99567862621736,-4.00043451177402,"5",2,0.734458370637223,"hs","#009E73"
"pair6_passeriformes","hs","mut1",-4.77268910017408,-7.99567862621736,-4.00043451177402,"6",1,0.806706532497411,"hs","#009E73"
"pair6_passeriformes sister clade coraciiformes","hs","mut1",-5.20668236093119,-7.99567862621736,-4.00043451177402,"6",2,0.698079062354057,"hs","#009E73"
"pair8_storks","hs","mut1",-7.27773825546224,-7.99567862621736,-4.00043451177402,"8",1,0.179698749360438,"hs","#009E73"
"pair8_storks sister clade pelicaniformes","hs","mut1",-6.01007626120033,-7.99567862621736,-4.00043451177402,"8",2,0.496991499928331,"hs","#009E73"
"pair1_afrotheria","la","mut1",0.252962359936375,0.100026134680957,0.499860405642539,"1",1,0.382499041134253,"am","#F0E442"
"pair1_afrotheria sister clade xenarthra","la","mut1",0.128509457800162,0.100026134680957,0.499860405642539,"1",2,0.0712378232378738,"am","#F0E442"
"pair2_cetartiodactyla","la","mut1",0.452134698085764,0.100026134680957,0.499860405642539,"2",1,0.88063627602007,"am","#F0E442"
"pair2_cetartiodactyla sister clade carnivora perrisodactyla","la","mut1",0.455966702965295,0.100026134680957,0.499860405642539,"2",2,0.89022025907964,"am","#F0E442"
"pair4_humminbirds sister clade swifts","la","mut1",0.299659061162676,0.100026134680957,0.499860405642539,"4",1,0.499289182994773,"am","#F0E442"
"pair4_hummingbirds","la","mut1",0.440161492604493,0.100026134680957,0.499860405642539,"4",2,0.850690855252419,"am","#F0E442"
"pair5_lagomorpha","la","mut1",0.315337430779528,0.100026134680957,0.499860405642539,"5",1,0.538501353525195,"am","#F0E442"
"pair5_lagomorpha sister clade rodentia","la","mut1",0.453264653419497,0.100026134680957,0.499860405642539,"5",2,0.883462335254602,"am","#F0E442"
"pair6_passeriformes","la","mut1",0.451883382467049,0.100026134680957,0.499860405642539,"6",1,0.880007726551035,"am","#F0E442"
"pair6_passeriformes sister clade coraciiformes","la","mut1",0.430222001304782,0.100026134680957,0.499860405642539,"6",2,0.825831827346166,"am","#F0E442"
"pair8_storks","la","mut1",0.120620185232829,0.100026134680957,0.499860405642539,"8",1,0.0515064666726653,"am","#F0E442"
"pair8_storks sister clade pelicaniformes","la","mut1",0.252057154096871,0.100026134680957,0.499860405642539,"8",2,0.380235088528771,"am","#F0E442"
"pair1_afrotheria","ve","mut1",2.49851949093323,1.0040904392954,3.99979178095236,"1",1,0.498857823661166,"ve","#D55E00"
"pair1_afrotheria sister clade xenarthra","ve","mut1",2.1911733799976,1.0040904392954,3.99979178095236,"1",2,0.39626211204539,"ve","#D55E00"
"pair2_cetartiodactyla","ve","mut1",3.10210341475246,1.0040904392954,3.99979178095236,"2",1,0.700341167620074,"ve","#D55E00"
"pair2_cetartiodactyla sister clade carnivora perrisodactyla","ve","mut1",3.05028671747156,1.0040904392954,3.99979178095236,"2",2,0.68304415053751,"ve","#D55E00"
"pair4_humminbirds sister clade swifts","ve","mut1",2.43858422908719,1.0040904392954,3.99979178095236,"4",1,0.478850735166527,"ve","#D55E00"
"pair4_hummingbirds","ve","mut1",2.51981865108027,1.0040904392954,3.99979178095236,"4",2,0.50596773139825,"ve","#D55E00"
"pair5_lagomorpha","ve","mut1",2.71728011377138,1.0040904392954,3.99979178095236,"5",1,0.571882667558707,"ve","#D55E00"
"pair5_lagomorpha sister clade rodentia","ve","mut1",3.04754445151639,1.0040904392954,3.99979178095236,"5",2,0.682128750221384,"ve","#D55E00"
"pair6_passeriformes","ve","mut1",3.0029936107765,1.0040904392954,3.99979178095236,"6",1,0.667257160680604,"ve","#D55E00"
"pair6_passeriformes sister clade coraciiformes","ve","mut1",3.08736225493564,1.0040904392954,3.99979178095236,"6",2,0.695420396776922,"ve","#D55E00"
"pair8_storks","ve","mut1",2.11092116671942,1.0040904392954,3.99979178095236,"8",1,0.369472988522889,"ve","#D55E00"
"pair8_storks sister clade pelicaniformes","ve","mut1",2.32931473470832,1.0040904392954,3.99979178095236,"8",2,0.442375305236511,"ve","#D55E00"
"pair1_afrotheria","xe","mut1",-4.1567288683297,-5,-4.00130484168834,"1",1,0.844372904636781,"xe","#CC79A7"
"pair1_afrotheria sister clade xenarthra","xe","mut1",-4.45399769437623,-5,-4.00130484168834,"1",2,0.546715683038673,"xe","#CC79A7"
"pair2_cetartiodactyla","xe","mut1",-4.13549706267587,-5,-4.00130484168834,"2",1,0.865632450632495,"xe","#CC79A7"
"pair2_cetartiodactyla sister clade carnivora perrisodactyla","xe","mut1",-4.1401957947126,-5,-4.00130484168834,"2",2,0.860927579483753,"xe","#CC79A7"
"pair4_humminbirds sister clade swifts","xe","mut1",-4.1687425656064,-5,-4.00130484168834,"4",1,0.832343510905651,"xe","#CC79A7"
"pair4_hummingbirds","xe","mut1",-4.14714402620322,-5,-4.00130484168834,"4",2,0.853970269805424,"xe","#CC79A7"
"pair5_lagomorpha","xe","mut1",-4.16116510720815,-5,-4.00130484168834,"5",1,0.839930869605842,"xe","#CC79A7"
"pair5_lagomorpha sister clade rodentia","xe","mut1",-4.14333883136153,-5,-4.00130484168834,"5",2,0.857780436311213,"xe","#CC79A7"
"pair6_passeriformes","xe","mut1",-4.14494307227599,-5,-4.00130484168834,"6",1,0.85617409938136,"xe","#CC79A7"
"pair6_passeriformes sister clade coraciiformes","xe","mut1",-4.13231771172165,-5,-4.00130484168834,"6",2,0.868815955556659,"xe","#CC79A7"
"pair8_storks","xe","mut1",-4.65003239533903,-5,-4.00130484168834,"8",1,0.350424853618603,"xe","#CC79A7"
"pair8_storks sister clade pelicaniformes","xe","mut1",-4.18567585703826,-5,-4.00130484168834,"8",2,0.815388095340719,"xe","#CC79A7"
"pair1_afrotheria","ca","nic1",-0.283723021604595,-0.973593553733865,-0.0100302055021132,"1",1,0.715957631011247,"ca","#000000"
"pair1_afrotheria sister clade xenarthra","ca","nic1",-0.267524816177056,-0.973593553733865,-0.0100302055021132,"1",2,0.732768363234784,"ca","#000000"
"pair2_cetartiodactyla","ca","nic1",-0.270522377466154,-0.973593553733865,-0.0100302055021132,"2",1,0.729657450709314,"ca","#000000"
"pair2_cetartiodactyla sister clade carnivora perrisodactyla","ca","nic1",-0.274570815656304,-0.973593553733865,-0.0100302055021132,"2",2,0.725455922913991,"ca","#000000"
"pair4_humminbirds sister clade swifts","ca","nic1",-0.184519806466919,-0.973593553733865,-0.0100302055021132,"4",1,0.818912164638668,"ca","#000000"
"pair4_hummingbirds","ca","nic1",-0.236284731191254,-0.973593553733865,-0.0100302055021132,"4",2,0.765189775945356,"ca","#000000"
"pair5_lagomorpha","ca","nic1",-0.235769005593674,-0.973593553733865,-0.0100302055021132,"5",1,0.765725003440805,"ca","#000000"
"pair5_lagomorpha sister clade rodentia","ca","nic1",-0.270114359570795,-0.973593553733865,-0.0100302055021132,"5",2,0.730080897591253,"ca","#000000"
"pair6_passeriformes","ca","nic1",-0.266689171184911,-0.973593553733865,-0.0100302055021132,"6",1,0.733635607711942,"ca","#000000"
"pair6_passeriformes sister clade coraciiformes","ca","nic1",-0.242325119515523,-0.973593553733865,-0.0100302055021132,"6",2,0.758920973447467,"ca","#000000"
"pair8_storks","ca","nic1",-0.268745845272042,-0.973593553733865,-0.0100302055021132,"8",1,0.731501161553413,"ca","#000000"
"pair8_storks sister clade pelicaniformes","ca","nic1",-0.243406188055741,-0.973593553733865,-0.0100302055021132,"8",2,0.757799024857163,"ca","#000000"
"pair1_afrotheria","gen","nic1",-0.00411246534653464,-0.01,-0.001,"1",1,0.654170517051707,"ge","#56B4E9"
"pair1_afrotheria sister clade xenarthra","gen","nic1",-0.00474362244224421,-0.01,-0.001,"1",2,0.584041950861755,"ge","#56B4E9"
"pair2_cetartiodactyla","gen","nic1",-0.00440861056105609,-0.01,-0.001,"2",1,0.62126549321599,"ge","#56B4E9"
"pair2_cetartiodactyla sister clade carnivora perrisodactyla","gen","nic1",-0.00444078415841583,-0.01,-0.001,"2",2,0.617690649064908,"ge","#56B4E9"
"pair4_humminbirds sister clade swifts","gen","nic1",-0.00446342409240922,-0.01,-0.001,"4",1,0.61517510084342,"ge","#56B4E9"
"pair4_hummingbirds","gen","nic1",-0.00419297029702969,-0.01,-0.001,"4",2,0.645225522552257,"ge","#56B4E9"
"pair5_lagomorpha","gen","nic1",-0.00446838943894388,-0.01,-0.001,"5",1,0.614623395672902,"ge","#56B4E9"
"pair5_lagomorpha sister clade rodentia","gen","nic1",-0.0043439815181518,-0.01,-0.001,"5",2,0.628446497983133,"ge","#56B4E9"
"pair6_passeriformes","gen","nic1",-0.00449272409240923,-0.01,-0.001,"6",1,0.611919545287864,"ge","#56B4E9"
"pair6_passeriformes sister clade coraciiformes","gen","nic1",-0.00467020891089107,-0.01,-0.001,"6",2,0.592199009900992,"ge","#56B4E9"
"pair8_storks","gen","nic1",-0.00540593729372935,-0.01,-0.001,"8",1,0.51045141180785,"ge","#56B4E9"
"pair8_storks sister clade pelicaniformes","gen","nic1",-0.00407734983498348,-0.01,-0.001,"8",2,0.658072240557391,"ge","#56B4E9"
"pair1_afrotheria","hs","nic1",-7.45319950343957,-10.98877475,-1.006052661,"1",1,0.354169455489129,"hs","#009E73"
"pair1_afrotheria sister clade xenarthra","hs","nic1",-7.63921280295875,-10.98877475,-1.006052661,"1",2,0.335535930698917,"hs","#009E73"
"pair2_cetartiodactyla","hs","nic1",-6.40271151707519,-10.98877475,-1.006052661,"2",1,0.459400070645882,"hs","#009E73"
"pair2_cetartiodactyla sister clade carnivora perrisodactyla","hs","nic1",-6.72668402698689,-10.98877475,-1.006052661,"2",2,0.426946747091109,"hs","#009E73"
"pair4_humminbirds sister clade swifts","hs","nic1",-6.62402178421867,-10.98877475,-1.006052661,"4",1,0.437230739959281,"hs","#009E73"
"pair4_hummingbirds","hs","nic1",-6.49907600163459,-10.98877475,-1.006052661,"4",2,0.449746943602951,"hs","#009E73"
"pair5_lagomorpha","hs","nic1",-6.72182889534473,-10.98877475,-1.006052661,"5",1,0.427433100572541,"hs","#009E73"
"pair5_lagomorpha sister clade rodentia","hs","nic1",-6.43907101821678,-10.98877475,-1.006052661,"5",2,0.455757827496425,"hs","#009E73"
"pair6_passeriformes","hs","nic1",-7.73425847748166,-10.98877475,-1.006052661,"6",1,0.326014912916839,"hs","#009E73"
"pair6_passeriformes sister clade coraciiformes","hs","nic1",-6.83842505446864,-10.98877475,-1.006052661,"6",2,0.415753304412295,"hs","#009E73"
"pair8_storks","hs","nic1",-6.83870647638598,-10.98877475,-1.006052661,"8",1,0.415725113512576,"hs","#009E73"
"pair8_storks sister clade pelicaniformes","hs","nic1",-7.15876744828022,-10.98877475,-1.006052661,"8",2,0.383663620761323,"hs","#009E73"
"pair1_afrotheria","pontarp","nic1",-0.0817308530991023,-0.09995436,-0.0101722,"1",1,0.202974698992514,"pw","#0072B2"
"pair1_afrotheria sister clade xenarthra","pontarp","nic1",-0.0864139794208284,-0.09995436,-0.0101722,"1",2,0.150813709306745,"pw","#0072B2"
"pair2_cetartiodactyla","pontarp","nic1",-0.0870758448481519,-0.09995436,-0.0101722,"2",1,0.143441805720069,"pw","#0072B2"
"pair2_cetartiodactyla sister clade carnivora perrisodactyla","pontarp","nic1",-0.0862462698526634,-0.09995436,-0.0101722,"2",2,0.152681670248706,"pw","#0072B2"
"pair4_humminbirds sister clade swifts","pontarp","nic1",-0.0528145921202707,-0.09995436,-0.0101722,"4",1,0.525046043442588,"pw","#0072B2"
"pair4_hummingbirds","pontarp","nic1",-0.0685935263724027,-0.09995436,-0.0101722,"4",2,0.349299166199581,"pw","#0072B2"
"pair5_lagomorpha","pontarp","nic1",-0.0818086185277624,-0.09995436,-0.0101722,"5",1,0.202108542189646,"pw","#0072B2"
"pair5_lagomorpha sister clade rodentia","pontarp","nic1",-0.0732506464299802,-0.09995436,-0.0101722,"5",2,0.297427836109309,"pw","#0072B2"
"pair6_passeriformes","pontarp","nic1",-0.0708391721024687,-0.09995436,-0.0101722,"6",1,0.324287006433476,"pw","#0072B2"
"pair6_passeriformes sister clade coraciiformes","pontarp","nic1",-0.0869901905262014,-0.09995436,-0.0101722,"6",2,0.144395829570135,"pw","#0072B2"
"pair8_storks","pontarp","nic1",-0.0449467829436304,-0.09995436,-0.0101722,"8",1,0.612678254303189,"pw","#0072B2"
"pair8_storks sister clade pelicaniformes","pontarp","nic1",-0.0784191798098548,-0.09995436,-0.0101722,"8",2,0.239860348538565,"pw","#0072B2"
